score,N
0.1726504169287099,122.0
0.08187911806818866,250.0
0.12916627014001922,378.0
0.12053340976590145,507.0
0.07786255479357775,635.0
0.061034037444931986,764.0
0.022947888735588808,892.0
0.028015019548887674,1020.0
0.017222713908478512,1149.0
0.007407067027220567,1277.0
0.009578026710563606,1406.0
0.007354169598457591,1534.0
0.006637618568088785,1662.0
0.004980625064679971,1791.0
0.005613918002521375,1919.0
0.008967467365362662,2048.0
