score,N
0.04311694727358525,4.0
0.009044298729650103,167.0
0.4302458717702955,331.0
0.6363033688276722,494.0
0.7427937003064313,658.0
0.8611820148070325,821.0
0.9322640302187032,985.0
0.9579285672457533,1149.0
0.970912199879398,1312.0
0.9728070242698168,1476.0
0.972505415360886,1639.0
0.9728085506306919,1803.0
0.974314152997946,1966.0
0.9707266961543707,2130.0
0.9725720664524344,2294.0
0.9755420594433132,2457.0
