score,N
0.07918374079240602,4.0
0.16452194205638754,167.0
0.497385898072902,331.0
0.6406585625567788,494.0
0.787982749158723,658.0
0.874374440909552,821.0
0.9312138440734068,985.0
0.9591556997823512,1149.0
0.9709400601303613,1312.0
0.972760627589007,1476.0
0.9718215146692615,1639.0
0.9710042520387812,1803.0
0.9687012652378502,1966.0
0.9726080697201416,2130.0
0.9748413927833091,2294.0
0.9726325704485461,2457.0
