score,N
-0.002775518979759949,122.0
-0.001272653690922688,250.0
0.002087001705736057,378.0
0.0027090500705250426,507.0
0.004905584743147858,635.0
-0.000458892427263212,764.0
-0.0011153478797164675,892.0
0.00420697621853798,1020.0
-6.499811967581546e-05,1149.0
-7.890542591452639e-05,1277.0
-0.003853453867382278,1406.0
-0.004451529753175628,1534.0
0.0016073539343224794,1662.0
-0.0011064170925237356,1791.0
-0.0019219925038249513,1919.0
-0.00010377845927376601,2048.0
