score,N
0.7926590160224144,122.0
0.895506531095502,250.0
0.9994683874318052,378.0
1.0045370393621895,507.0
1.0420792774648044,635.0
1.0362901326011482,764.0
1.0689168742861037,892.0
1.083807617895964,1020.0
1.0367306841831558,1149.0
1.0486126702213887,1277.0
1.0449948510611997,1406.0
1.056364186155096,1534.0
1.0698666832467825,1662.0
1.073529675772875,1791.0
1.070144343676862,1919.0
1.106899274545158,2048.0
