score,N
-0.0054748851298166605,4.0
-0.002810028136064342,44.0
-0.00627657316983232,85.0
-0.003159177208785971,126.0
-0.005702955559366098,166.0
-0.0047233150655844516,207.0
-0.005742183324650314,248.0
-0.0047085066103345315,288.0
-0.004488360691354039,329.0
-0.004195476253718926,370.0
-0.002578125739840358,410.0
-0.00469955112033052,451.0
-0.00492308367167337,492.0
-0.00146772515694894,533.0
-0.0015480849056624443,573.0
-0.0007998239106736411,614.0
