score,N
0.0007125480310275872,122.0
-0.0018025748996050076,250.0
-0.0033604855415709984,378.0
-0.0018883016160151076,507.0
-0.0034080819829098246,635.0
-0.0024661322545012805,764.0
-0.0022069273732956297,892.0
-0.0017755244804143278,1020.0
0.0009787388906875433,1149.0
-0.0010631880665351319,1277.0
-0.0013624782865904058,1406.0
0.00033321950284736953,1534.0
-0.0002942436300349921,1662.0
-0.0009250908955866919,1791.0
0.0007905441901279306,1919.0
0.0003676199168216866,2048.0
