score,N
0.14326063578585518,122.0
0.30680414162461234,250.0
0.471811575892415,378.0
0.5099819293309275,507.0
0.5213959509547206,635.0
0.4675314908296069,764.0
0.525640676233211,892.0
0.6542608409033024,1020.0
0.8974956934077833,1149.0
0.8771240209885255,1277.0
0.9209865324616067,1406.0
0.9837785708863713,1534.0
0.9811073059725941,1662.0
1.0115787668999263,1791.0
1.0561349305948047,1919.0
1.037114302161072,2048.0
