score,N
0.024991974540803857,122.0
0.1169362992526868,250.0
0.2078649456382749,378.0
0.3640601537077761,507.0
0.07041216456595989,635.0
0.04760190222621489,764.0
0.03064061209428277,892.0
0.12472890083094078,1020.0
0.2359523563458612,1149.0
0.49522845927875486,1277.0
0.5425184294285628,1406.0
0.8440999587900733,1534.0
0.7553453611701826,1662.0
0.8330282288815107,1791.0
0.9166562949472423,1919.0
0.991573824245522,2048.0
