score,N
0.014902301257366185,4.0
0.09811926288229247,167.0
0.20874875261362,331.0
0.3694479201528489,494.0
0.5931253953467311,658.0
0.7039854029515992,821.0
0.7593399060689988,985.0
0.7413630907114843,1149.0
0.8395402366276998,1312.0
0.8427850509091596,1476.0
0.9355583730028,1639.0
0.9557449275010729,1803.0
0.9568583399624192,1966.0
1.017546872472716,2130.0
1.0279390849374344,2294.0
1.0159553219902866,2457.0
