score,N
-0.011637029659431843,4.0
0.15574368640861663,167.0
0.5919439854851463,331.0
0.7209197338978239,494.0
0.8327317652192197,658.0
0.887468333691992,821.0
0.9307692158997611,985.0
0.9644156209456237,1149.0
0.9746797224262389,1312.0
0.9753586594472538,1476.0
0.9747884214803805,1639.0
0.9761065453243684,1803.0
0.9773350720400471,1966.0
0.9739038203912367,2130.0
0.9755525894752285,2294.0
0.9781821060083872,2457.0
