score,N
-0.10509880851703429,122.0
0.013485576985680618,250.0
0.010073704933684329,378.0
-0.005058113423242765,507.0
0.009926388483205902,635.0
-0.005726300762630962,764.0
-0.0028908698148310927,892.0
-0.004563870787004422,1020.0
-0.00393202417406387,1149.0
0.005225728391416855,1277.0
-0.00410005038737102,1406.0
-0.007743994478998732,1534.0
-0.00850548025637497,1662.0
-0.0024020385182270034,1791.0
-0.0018394343272718214,1919.0
0.00875551886094501,2048.0
