score,N
0.5602487968975591,4.0
-0.018799861148727812,44.0
-0.03833606466969557,85.0
-0.021057717362889746,126.0
-0.00862821963400504,166.0
-0.003240322581602869,207.0
-0.010888322920104585,248.0
-0.006368145029492076,288.0
-0.013075514484220225,329.0
-0.012895134943258776,370.0
-0.015350145254663675,410.0
-0.007591457458720084,451.0
-0.006685211103904081,492.0
-0.006028836123946442,533.0
-0.009252374762566734,573.0
-0.009152720850740063,614.0
