score,N
0.30423929383453097,4.0
0.8195930737807364,167.0
0.9698769959241846,331.0
0.973453113524004,494.0
0.9832464065718862,658.0
1.0162394665862475,821.0
1.0151598070908103,985.0
1.0504178261789288,1149.0
1.0637603805964784,1312.0
1.072673860198009,1476.0
1.0825701718483645,1639.0
1.1014984874804647,1803.0
1.1115754581743558,1966.0
1.1072438243429175,2130.0
1.1089444400383188,2294.0
1.1043772634032833,2457.0
