score,N
0.10124366853356,122.0
0.3141775911802457,250.0
0.5554685722334848,378.0
0.7301473318411472,507.0
0.8020116129114361,635.0
0.8230998151647209,764.0
0.9130276569038239,892.0
0.9405022976780885,1020.0
0.9557830191091803,1149.0
0.9708844004469892,1277.0
0.974165026628995,1406.0
0.9729416314777889,1534.0
0.9730781230686947,1662.0
0.9731629148233988,1791.0
0.9747490134947272,1919.0
0.9738961673640789,2048.0
