score,N
0.004221069622183952,122.0
0.0026171158380523646,250.0
0.004928115525547214,378.0
0.005766827447243986,507.0
0.006282846171866121,635.0
0.008410063720600125,764.0
0.004545779613838776,892.0
0.005077710917004235,1020.0
0.004888829614626992,1149.0
0.0037465138723909767,1277.0
0.004191924861330593,1406.0
0.0038357778242609115,1534.0
0.002867712960488831,1662.0
0.0039442714966189864,1791.0
0.0014489655463422397,1919.0
0.0014943772109035677,2048.0
