score,N
0.05457303052616885,122.0
0.005063703012202457,250.0
0.0008193003182525702,378.0
0.00975894275915081,507.0
0.0025397673845196705,635.0
0.008820101295083751,764.0
0.009934380273566475,892.0
0.0009102158474706667,1020.0
-0.0015206456355124302,1149.0
0.006684910750317061,1277.0
-0.006463659435172254,1406.0
0.001328905469376831,1534.0
-7.017896461705258e-05,1662.0
-0.003437093526369678,1791.0
-0.00846785785822391,1919.0
-0.007859551785268648,2048.0
