score,N
0.07535493494898422,122.0
0.09261813465406732,250.0
0.13809923669505736,378.0
0.2529860806926954,507.0
0.3794204337677122,635.0
0.49812866770009107,764.0
0.6823525956983671,892.0
0.5597837915282425,1020.0
0.6360437286271284,1149.0
0.78170336098461,1277.0
0.8947137814835262,1406.0
0.9204729123614127,1534.0
0.9253360349949825,1662.0
0.9453435729754789,1791.0
0.9707499250294968,1919.0
1.010576436026227,2048.0
