score,N
0.159717539874097,122.0
0.3111296179851211,250.0
0.6128790575428065,378.0
0.7442194531988482,507.0
0.8032959859779223,635.0
0.8694915960843654,764.0
0.9207976276583167,892.0
0.9648049201071435,1020.0
0.9760105754377046,1149.0
0.975706657553894,1277.0
0.9776614429959188,1406.0
0.9754711618704679,1534.0
0.9763559405617983,1662.0
0.9769261826548655,1791.0
0.9777967459703965,1919.0
0.9778740741893541,2048.0
