score,N
0.8282055995443653,122.0
0.8956691329355068,250.0
0.9579682669530988,378.0
1.0277005873273197,507.0
1.031236121139648,635.0
1.0501303263537907,764.0
1.0669358008518597,892.0
1.0619195814888234,1020.0
1.096591363384595,1149.0
1.0846705350999493,1277.0
1.0909737304550085,1406.0
1.1049589364415897,1534.0
1.1137229565067792,1662.0
1.1117596131632719,1791.0
1.1230882229553554,1919.0
1.1242653038812889,2048.0
