score,N
-0.02036309893513262,4.0
0.10069741525580045,167.0
0.4586516093147871,331.0
0.6412683938915466,494.0
0.7589151294612142,658.0
0.8593451543654816,821.0
0.9279337811552448,985.0
0.9589539159338848,1149.0
0.9665025512425482,1312.0
0.9717848146684533,1476.0
0.9717464332782811,1639.0
0.9707779428662692,1803.0
0.9692239886333995,1966.0
0.9693411010803353,2130.0
0.972316249301607,2294.0
0.9702597940989444,2457.0
