score,N
0.06054202489441144,122.0
0.005589141117229498,250.0
0.008945479213906442,378.0
0.0040782846236156215,507.0
0.010558920112904274,635.0
0.01088215942915855,764.0
0.005108482871740884,892.0
0.01372688819450819,1020.0
0.004594143607367026,1149.0
0.004248777980351543,1277.0
0.009407414681458727,1406.0
0.0004684670164731362,1534.0
0.003324461583619871,1662.0
-0.0010429163063251628,1791.0
-0.0016740396448044624,1919.0
0.0004239486629280818,2048.0
