score,N
0.5932582177378388,4.0
-0.008436973606800093,44.0
0.062210705714700165,85.0
0.021072936466021996,126.0
0.008328773762792218,166.0
0.00963467362754726,207.0
-0.00023760765989947768,248.0
-0.001647389998117915,288.0
-0.002597583642294099,329.0
-0.0007454800133041264,370.0
0.003776186821427395,410.0
-0.0031095514428987614,451.0
0.0011303652557294792,492.0
0.0011588099036047015,533.0
-0.0017760379734249457,573.0
-0.0024161963897508507,614.0
