score,N
-0.0021940300490574153,4.0
-0.20782417088521454,167.0
0.2561773938198114,331.0
0.5588475420347686,494.0
0.7408780848789078,658.0
0.8449484140992034,821.0
0.9021449758258621,985.0
0.9319892783205869,1149.0
0.9581327877707374,1312.0
0.9630471780919869,1476.0
0.9625720158704874,1639.0
0.9615412230122853,1803.0
0.958133649547607,1966.0
0.9628638350629702,2130.0
0.9663305479653277,2294.0
0.9635205090376384,2457.0
