score,N
0.08907751137033809,122.0
0.1466514742464656,250.0
0.19453108249312598,378.0
0.25589283629707055,507.0
0.4012478103514542,635.0
0.42452121903825263,764.0
0.3217808567201613,892.0
0.3393574707904688,1020.0
0.3460605636048266,1149.0
0.48433352031639443,1277.0
0.5431691272661313,1406.0
0.6996131424132928,1534.0
0.773407021195124,1662.0
0.8124185536468842,1791.0
0.8117482660349474,1919.0
0.8378030382681442,2048.0
