score,N
0.0004360811081317714,122.0
-0.004005772426120588,250.0
0.00047342719144729455,378.0
-0.0003943255626985501,507.0
-0.002927655025391401,635.0
-0.0006406484989591097,764.0
0.0002076247106470635,892.0
0.0010862711231266731,1020.0
0.0009604992812481524,1149.0
0.0013111423870457589,1277.0
0.0010204822265849802,1406.0
0.0001764828300942649,1534.0
0.0025381841317922613,1662.0
0.0013962777877595414,1791.0
0.0007635856245087611,1919.0
0.0013543605069774951,2048.0
