score,N
0.005504329927242171,4.0
0.0980276273682744,167.0
0.41344517595694846,331.0
0.6285295847639178,494.0
0.7503006622626391,658.0
0.8468665907407248,821.0
0.90280091707162,985.0
0.952207357978736,1149.0
0.9670073942480604,1312.0
0.9696434014081141,1476.0
0.9737990858582914,1639.0
0.9732784416135769,1803.0
0.9721857855124951,1966.0
0.970604288418435,2130.0
0.9701519854309625,2294.0
0.9704369640069129,2457.0
