,kl_div_score,kl_div_with_ablation,kl_div_with_sae,ce_loss_score,ce_loss_with_ablation,ce_loss_with_sae,ce_loss_without_sae,explained_variance,mse,cossim,l2_norm_in,l2_norm_out,l2_ratio,relative_reconstruction_bias,l0,l1,total_tokens_eval_reconstruction,total_tokens_eval_sparsity_variance,layer,G
0,0.9905458875922988,6.742066383361816,0.06374025344848633,0.9908239242711917,9.016061782836914,2.332941770553589,2.2710490226745605,0.9325617551803589,0.0014478894881904125,0.9725699424743652,14.157868385314941,13.763837814331055,0.9734191298484802,1.000974416732788,128.0,6.569701671600342,1048576,1048576,1,k13-c0
1,0.9878473680772989,9.313965797424316,0.113189198076725,0.9882351227696677,11.585439682006836,2.380631685256958,2.2710490226745605,0.8688662052154541,0.0034299762919545174,0.9557046890258789,18.02700424194336,18.341411590576172,1.0159642696380615,1.0633621215820312,128.0,8.982410430908203,1048576,1048576,2,k13-c0
