score,N
0.5275878643080695,4.0
0.2345172155097906,44.0
0.09179732829326735,85.0
0.09291864496324793,126.0
0.14614239396735182,166.0
0.1658325268532931,207.0
0.12640481133740045,248.0
0.1149794683296114,288.0
0.10644896805191205,329.0
0.08807930192333283,370.0
0.09246999579161368,410.0
0.047797695187995,451.0
0.037285984342410816,492.0
0.011941124175251717,533.0
0.014663685950110255,573.0
0.007569867551505121,614.0
