score,N
0.6784980549789622,4.0
0.13986439055473968,44.0
0.017448591961356175,85.0
0.005045205854989592,126.0
0.03681842162791164,166.0
0.08559868531097968,207.0
0.11130429088758946,248.0
0.07377047495907091,288.0
0.10384654103153067,329.0
0.08957298781013234,370.0
0.09583820329348872,410.0
0.06594467397705189,451.0
0.06733801682752448,492.0
0.04554986839352043,533.0
0.06378473088971783,573.0
0.06226542594759522,614.0
