score,N
0.3514217715936338,4.0
0.7647006613704986,167.0
0.8056149531976282,331.0
0.8631816148159284,494.0
0.984292950045801,658.0
1.0067272821884001,821.0
1.0172947695657588,985.0
1.0406562206871668,1149.0
1.0349796823060256,1312.0
1.0511148348667139,1476.0
1.0921164144032796,1639.0
1.080073659034319,1803.0
1.069954626867772,1966.0
1.0762304407148435,2130.0
1.0793519359912895,2294.0
1.06622339717742,2457.0
