score,N
0.5410350620606891,4.0
0.15530529274942498,44.0
0.07124134061953145,85.0
0.05369978096988254,126.0
0.08079951096624044,166.0
0.0513830600711302,207.0
0.05745700755545404,248.0
0.043715577523157176,288.0
0.039666421924931236,329.0
0.04845828931777158,370.0
0.04293946938537861,410.0
0.048798987345593715,451.0
0.07058280905387801,492.0
0.061841123650305925,533.0
0.03764244356937608,573.0
0.022645778727020928,614.0
