score,N
-0.0009235935709063169,4.0
-0.003942674392968149,44.0
-0.0023054077962760006,85.0
-0.0023767055460266564,126.0
-0.0028429997323833793,166.0
-0.001959058246110156,207.0
-0.003134877564667427,248.0
-0.005844931162937743,288.0
-0.0023763028717597094,329.0
-0.0013040126760953071,370.0
-0.0008654629210491007,410.0
-0.00178859542120387,451.0
-0.0014553476017322858,492.0
0.001170037194992494,533.0
-0.0010916900308022973,573.0
-3.570901453857329e-06,614.0
