{
    "1": {
        "labels": [
            "0",
            "0",
            "0",
            "0",
            "0",
            "0",
            "0",
            "0",
            "0",
            "0",
            "0",
            "0",
            "0",
            "0",
            "0",
            "0",
            "0",
            "0",
            "0",
            "0",
            "0",
            "0",
            "0",
            "0",
            "0"
        ],
        "maad": 0.5040000081062317
    },
    "2": {
        "labels": [
            "0",
            "0",
            "0",
            "0",
            "0",
            "0",
            "0",
            "0",
            "0",
            "0",
            "0",
            "0",
            "0",
            "0",
            "0",
            "0",
            "0",
            "0",
            "1",
            "1",
            "1",
            "1",
            "1",
            "1",
            "1"
        ],
        "maad": 0.47600001096725464
    },
    "3": {
        "labels": [
            "2",
            "2",
            "2",
            "2",
            "2",
            "2",
            "0",
            "0",
            "0",
            "0",
            "0",
            "0",
            "0",
            "0",
            "0",
            "0",
            "0",
            "0",
            "1",
            "1",
            "1",
            "1",
            "1",
            "1",
            "1"
        ],
        "maad": 0.3840000033378601
    },
    "4": {
        "labels": [
            "2",
            "2",
            "2",
            "2",
            "2",
            "2",
            "3",
            "3",
            "3",
            "3",
            "3",
            "1",
            "1",
            "1",
            "1",
            "1",
            "1",
            "1",
            "0",
            "0",
            "0",
            "0",
            "0",
            "0",
            "0"
        ],
        "maad": 0.3840000033378601
    },
    "5": {
        "labels": [
            "0",
            "0",
            "0",
            "0",
            "0",
            "0",
            "3",
            "3",
            "3",
            "3",
            "3",
            "1",
            "1",
            "1",
            "1",
            "1",
            "1",
            "1",
            "4",
            "4",
            "4",
            "4",
            "2",
            "2",
            "2"
        ],
        "maad": 0.3840000033378601
    },
    "6": {
        "labels": [
            "5",
            "5",
            "1",
            "1",
            "1",
            "1",
            "3",
            "3",
            "3",
            "3",
            "3",
            "0",
            "0",
            "0",
            "0",
            "0",
            "0",
            "0",
            "4",
            "4",
            "4",
            "4",
            "2",
            "2",
            "2"
        ],
        "maad": 0.27900001406669617
    },
    "7": {
        "labels": [
            "5",
            "5",
            "1",
            "1",
            "1",
            "1",
            "3",
            "3",
            "3",
            "3",
            "3",
            "2",
            "2",
            "2",
            "2",
            "6",
            "6",
            "6",
            "4",
            "4",
            "4",
            "4",
            "0",
            "0",
            "0"
        ],
        "maad": 0.27900001406669617
    },
    "8": {
        "labels": [
            "5",
            "5",
            "0",
            "0",
            "0",
            "0",
            "1",
            "1",
            "1",
            "1",
            "1",
            "2",
            "2",
            "2",
            "2",
            "6",
            "6",
            "6",
            "4",
            "4",
            "4",
            "4",
            "3",
            "3",
            "7"
        ],
        "maad": 0.27900001406669617
    },
    "9": {
        "labels": [
            "5",
            "5",
            "4",
            "4",
            "3",
            "3",
            "0",
            "0",
            "0",
            "0",
            "0",
            "2",
            "2",
            "2",
            "2",
            "6",
            "6",
            "6",
            "1",
            "1",
            "1",
            "1",
            "8",
            "8",
            "7"
        ],
        "maad": 0.23800000548362732
    },
    "10": {
        "labels": [
            "5",
            "5",
            "4",
            "4",
            "3",
            "3",
            "9",
            "9",
            "6",
            "6",
            "6",
            "0",
            "0",
            "0",
            "0",
            "2",
            "2",
            "2",
            "1",
            "1",
            "1",
            "1",
            "8",
            "8",
            "7"
        ],
        "maad": 0.22200000286102295
    },
    "11": {
        "labels": [
            "5",
            "5",
            "1",
            "1",
            "3",
            "3",
            "4",
            "4",
            "6",
            "6",
            "6",
            "10",
            "10",
            "9",
            "9",
            "2",
            "2",
            "2",
            "0",
            "0",
            "0",
            "0",
            "8",
            "8",
            "7"
        ],
        "maad": 0.22200000286102295
    },
    "12": {
        "labels": [
            "5",
            "5",
            "1",
            "1",
            "3",
            "3",
            "4",
            "4",
            "2",
            "2",
            "2",
            "10",
            "10",
            "9",
            "9",
            "0",
            "0",
            "0",
            "6",
            "6",
            "11",
            "11",
            "8",
            "8",
            "7"
        ],
        "maad": 0.22200000286102295
    }
}