{
    "1": {
        "labels": [
            "0",
            "0",
            "0",
            "0",
            "0",
            "0",
            "0",
            "0",
            "0",
            "0",
            "0",
            "0",
            "0",
            "0",
            "0",
            "0",
            "0",
            "0",
            "0",
            "0",
            "0",
            "0",
            "0"
        ],
        "maad": 0.4869999885559082
    },
    "2": {
        "labels": [
            "1",
            "1",
            "1",
            "1",
            "1",
            "1",
            "1",
            "1",
            "1",
            "0",
            "0",
            "0",
            "0",
            "0",
            "0",
            "0",
            "0",
            "0",
            "0",
            "0",
            "0",
            "0",
            "0"
        ],
        "maad": 0.4410000145435333
    },
    "3": {
        "labels": [
            "0",
            "0",
            "0",
            "0",
            "0",
            "0",
            "0",
            "0",
            "0",
            "2",
            "2",
            "2",
            "2",
            "2",
            "2",
            "2",
            "1",
            "1",
            "1",
            "1",
            "1",
            "1",
            "1"
        ],
        "maad": 0.4090000092983246
    },
    "4": {
        "labels": [
            "1",
            "1",
            "1",
            "1",
            "1",
            "3",
            "3",
            "3",
            "3",
            "2",
            "2",
            "2",
            "2",
            "2",
            "2",
            "2",
            "0",
            "0",
            "0",
            "0",
            "0",
            "0",
            "0"
        ],
        "maad": 0.36800000071525574
    },
    "5": {
        "labels": [
            "1",
            "1",
            "1",
            "1",
            "1",
            "3",
            "3",
            "3",
            "3",
            "0",
            "0",
            "0",
            "0",
            "0",
            "0",
            "0",
            "4",
            "4",
            "4",
            "2",
            "2",
            "2",
            "2"
        ],
        "maad": 0.33899998664855957
    },
    "6": {
        "labels": [
            "0",
            "0",
            "0",
            "0",
            "0",
            "1",
            "1",
            "1",
            "1",
            "3",
            "3",
            "3",
            "3",
            "5",
            "5",
            "5",
            "4",
            "4",
            "4",
            "2",
            "2",
            "2",
            "2"
        ],
        "maad": 0.3070000112056732
    },
    "7": {
        "labels": [
            "5",
            "5",
            "5",
            "6",
            "6",
            "1",
            "1",
            "1",
            "1",
            "3",
            "3",
            "3",
            "3",
            "2",
            "2",
            "2",
            "4",
            "4",
            "4",
            "0",
            "0",
            "0",
            "0"
        ],
        "maad": 0.26899999380111694
    },
    "8": {
        "labels": [
            "5",
            "5",
            "5",
            "6",
            "6",
            "0",
            "0",
            "0",
            "0",
            "1",
            "1",
            "1",
            "1",
            "2",
            "2",
            "2",
            "4",
            "4",
            "4",
            "7",
            "7",
            "3",
            "3"
        ],
        "maad": 0.25200000405311584
    },
    "9": {
        "labels": [
            "5",
            "5",
            "5",
            "6",
            "6",
            "4",
            "4",
            "8",
            "8",
            "0",
            "0",
            "0",
            "0",
            "2",
            "2",
            "2",
            "1",
            "1",
            "1",
            "7",
            "7",
            "3",
            "3"
        ],
        "maad": 0.24199999868869781
    },
    "10": {
        "labels": [
            "5",
            "5",
            "5",
            "6",
            "6",
            "4",
            "4",
            "8",
            "8",
            "3",
            "3",
            "9",
            "9",
            "2",
            "2",
            "2",
            "0",
            "0",
            "0",
            "7",
            "7",
            "1",
            "1"
        ],
        "maad": 0.23199999332427979
    },
    "11": {
        "labels": [
            "2",
            "2",
            "2",
            "6",
            "6",
            "4",
            "4",
            "8",
            "8",
            "3",
            "3",
            "9",
            "9",
            "0",
            "0",
            "0",
            "10",
            "5",
            "5",
            "7",
            "7",
            "1",
            "1"
        ],
        "maad": 0.21299999952316284
    }
}
