{"1": {"labels": ["0", "0", "0", "0", "0", "0", "0", "0", "0", "0", "0", "0", "0", "0", "0", "0", "0", "0", "0", "0", "0", "0", "0"], "amd": 0.4790000021457672}, "2": {"labels": ["0", "0", "0", "0", "0", "0", "0", "0", "0", "0", "0", "0", "0", "0", "0", "0", "1", "1", "1", "1", "1", "1", "1"], "amd": 0.39399999380111694}, "3": {"labels": ["2", "2", "2", "2", "2", "2", "2", "0", "0", "0", "0", "0", "0", "0", "0", "0", "1", "1", "1", "1", "1", "1", "1"], "amd": 0.3529999852180481}, "4": {"labels": ["2", "2", "2", "2", "2", "2", "2", "3", "3", "3", "3", "1", "1", "1", "1", "1", "0", "0", "0", "0", "0", "0", "0"], "amd": 0.30300000309944153}, "5": {"labels": ["0", "0", "0", "0", "0", "0", "0", "3", "3", "3", "3", "1", "1", "1", "1", "1", "4", "4", "4", "2", "2", "2", "2"], "amd": 0.27000001072883606}, "6": {"labels": ["5", "5", "5", "1", "1", "1", "1", "3", "3", "3", "3", "0", "0", "0", "0", "0", "4", "4", "4", "2", "2", "2", "2"], "amd": 0.24799999594688416}, "7": {"labels": ["5", "5", "5", "0", "0", "0", "0", "1", "1", "1", "1", "6", "6", "3", "3", "3", "4", "4", "4", "2", "2", "2", "2"], "amd": 0.2240000069141388}, "8": {"labels": ["2", "2", "2", "5", "5", "7", "7", "1", "1", "1", "1", "6", "6", "3", "3", "3", "4", "4", "4", "0", "0", "0", "0"], "amd": 0.20200000703334808}, "9": {"labels": ["2", "2", "2", "5", "5", "7", "7", "0", "0", "0", "0", "6", "6", "3", "3", "3", "1", "1", "1", "8", "8", "4", "4"], "amd": 0.18700000643730164}, "10": {"labels": ["2", "2", "2", "5", "5", "7", "7", "8", "8", "9", "9", "6", "6", "1", "1", "1", "0", "0", "0", "3", "3", "4", "4"], "amd": 0.17599999904632568}, "11": {"labels": ["2", "2", "2", "5", "5", "7", "7", "8", "8", "9", "9", "6", "6", "0", "0", "0", "10", "4", "4", "3", "3", "1", "1"], "amd": 0.15600000321865082}, "12": {"labels": ["0", "0", "0", "2", "2", "7", "7", "8", "8", "9", "9", "6", "6", "11", "5", "5", "10", "4", "4", "3", "3", "1", "1"], "amd": 0.14100000262260437}, "13": {"labels": ["12", "9", "9", "2", "2", "7", "7", "8", "8", "4", "4", "6", "6", "11", "5", "5", "10", "1", "1", "3", "3", "0", "0"], "amd": 0.125}, "14": {"labels": ["12", "9", "9", "0", "0", "7", "7", "8", "8", "4", "4", "6", "6", "11", "2", "2", "10", "1", "1", "3", "3", "13", "5"], "amd": 0.10400000214576721}, "15": {"labels": ["12", "9", "9", "14", "8", "7", "7", "3", "3", "4", "4", "6", "6", "11", "2", "2", "10", "0", "0", "1", "1", "13", "5"], "amd": 0.08500000089406967}, "16": {"labels": ["12", "9", "9", "14", "8", "3", "3", "1", "1", "4", "4", "6", "6", "11", "2", "2", "10", "15", "7", "0", "0", "13", "5"], "amd": 0.0689999982714653}, "17": {"labels": ["12", "9", "9", "14", "8", "1", "1", "0", "0", "4", "4", "6", "6", "11", "2", "2", "10", "15", "16", "7", "3", "13", "5"], "amd": 0.054999999701976776}, "18": {"labels": ["12", "4", "4", "14", "17", "0", "0", "8", "9", "1", "1", "6", "6", "11", "2", "2", "10", "15", "16", "7", "3", "13", "5"], "amd": 0.0430000014603138}, "19": {"labels": ["12", "4", "4", "14", "17", "18", "13", "8", "9", "1", "1", "2", "2", "11", "0", "0", "10", "15", "16", "7", "3", "6", "5"], "amd": 0.03200000151991844}, "20": {"labels": ["12", "1", "1", "14", "17", "18", "13", "8", "19", "0", "0", "2", "2", "11", "9", "10", "4", "15", "16", "7", "3", "6", "5"], "amd": 0.02199999988079071}, "21": {"labels": ["12", "1", "1", "14", "17", "18", "13", "8", "19", "20", "11", "0", "0", "5", "9", "10", "4", "15", "16", "7", "3", "6", "2"], "amd": 0.014000000432133675}, "22": {"labels": ["12", "0", "0", "14", "17", "18", "13", "8", "19", "20", "11", "21", "16", "5", "9", "10", "4", "15", "7", "3", "1", "6", "2"], "amd": 0.007000000216066837}, "training_clusters": {"k1-c0": ["0", "1", "2", "3", "4", "5", "6", "7", "8", "9", "10", "11", "12", "13", "14", "15", "16", "17", "18", "19", "20", "21", "22"], "k2-c0": ["0", "1", "2", "3", "4", "5", "6", "7", "8", "9", "10", "11", "12", "13", "14", "15"], "k2-c1": ["16", "17", "18", "19", "20", "21", "22"], "k3-c0": ["7", "8", "9", "10", "11", "12", "13", "14", "15"], "k3-c1": ["0", "1", "2", "3", "4", "5", "6"], "k4-c0": ["11", "12", "13", "14", "15"], "k4-c1": ["7", "8", "9", "10"], "k5-c0": ["19", "20", "21", "22"], "k5-c1": ["16", "17", "18"], "k6-c0": ["3", "4", "5", "6"], "k6-c1": ["0", "1", "2"], "k7-c0": ["13", "14", "15"], "k7-c1": ["11", "12"], "k8-c0": ["3", "4"], "k8-c1": ["5", "6"], "k9-c0": ["21", "22"], "k9-c1": ["19", "20"], "k10-c0": ["7", "8"], "k10-c1": ["9", "10"], "k11-c0": ["17", "18"], "k12-c0": ["14", "15"], "k13-c0": ["1", "2"]}}