{
    "1": {
        "labels": [
            "0",
            "0",
            "0",
            "0",
            "0",
            "0",
            "0",
            "0",
            "0",
            "0",
            "0"
        ],
        "amd": 0.44999998807907104
    },
    "2": {
        "labels": [
            "0",
            "0",
            "0",
            "0",
            "0",
            "0",
            "0",
            "1",
            "1",
            "1",
            "1"
        ],
        "amd": 0.39899998903274536
    },
    "3": {
        "labels": [
            "2",
            "2",
            "2",
            "1",
            "1",
            "1",
            "1",
            "0",
            "0",
            "0",
            "0"
        ],
        "amd": 0.3449999988079071
    },
    "4": {
        "labels": [
            "2",
            "2",
            "2",
            "0",
            "0",
            "0",
            "0",
            "1",
            "1",
            "3",
            "3"
        ],
        "amd": 0.32100000977516174
    },
    "5": {
        "labels": [
            "0",
            "0",
            "0",
            "4",
            "4",
            "2",
            "2",
            "1",
            "1",
            "3",
            "3"
        ],
        "amd": 0.2750000059604645
    },
    "6": {
        "labels": [
            "3",
            "3",
            "5",
            "4",
            "4",
            "2",
            "2",
            "0",
            "0",
            "1",
            "1"
        ],
        "amd": 0.24899999797344208
    },
    "7": {
        "labels": [
            "3",
            "3",
            "5",
            "1",
            "1",
            "2",
            "2",
            "6",
            "4",
            "0",
            "0"
        ],
        "amd": 0.2240000069141388
    },
    "8": {
        "labels": [
            "3",
            "3",
            "5",
            "1",
            "1",
            "0",
            "0",
            "6",
            "4",
            "7",
            "2"
        ],
        "amd": 0.20800000429153442
    },
    "9": {
        "labels": [
            "1",
            "1",
            "5",
            "0",
            "0",
            "8",
            "7",
            "6",
            "4",
            "3",
            "2"
        ],
        "amd": 0.20100000500679016
    },
    "10": {
        "labels": [
            "0",
            "0",
            "5",
            "9",
            "7",
            "8",
            "3",
            "6",
            "4",
            "1",
            "2"
        ],
        "amd": 0.19099999964237213
    },
    "training_clusters": {
        "k1-c0": [
            "0",
            "1",
            "2",
            "3",
            "4",
            "5",
            "6",
            "7",
            "8",
            "9",
            "10"
        ],
        "k2-c0": [
            "0",
            "1",
            "2",
            "3",
            "4",
            "5",
            "6"
        ],
        "k2-c1": [
            "7",
            "8",
            "9",
            "10"
        ],
        "k3-c0": [
            "3",
            "4",
            "5",
            "6"
        ],
        "k3-c1": [
            "0",
            "1",
            "2"
        ],
        "k4-c0": [
            "7",
            "8"
        ],
        "k4-c1": [
            "9",
            "10"
        ],
        "k5-c0": [
            "5",
            "6"
        ],
        "k5-c1": [
            "3",
            "4"
        ],
        "k6-c0": [
            "0",
            "1"
        ]
    }
}