{
    "1": {
        "labels": [
            "0",
            "0",
            "0",
            "0",
            "0",
            "0",
            "0",
            "0",
            "0",
            "0",
            "0",
            "0",
            "0",
            "0",
            "0"
        ],
        "amd": 0.45899999141693115
    },
    "2": {
        "labels": [
            "0",
            "0",
            "0",
            "0",
            "0",
            "0",
            "0",
            "0",
            "0",
            "1",
            "1",
            "1",
            "1",
            "1",
            "1"
        ],
        "amd": 0.39399999380111694
    },
    "3": {
        "labels": [
            "1",
            "1",
            "1",
            "1",
            "1",
            "2",
            "2",
            "2",
            "2",
            "0",
            "0",
            "0",
            "0",
            "0",
            "0"
        ],
        "amd": 0.35600000619888306
    },
    "4": {
        "labels": [
            "0",
            "0",
            "0",
            "0",
            "0",
            "2",
            "2",
            "2",
            "2",
            "1",
            "1",
            "1",
            "1",
            "3",
            "3"
        ],
        "amd": 0.35600000619888306
    },
    "5": {
        "labels": [
            "4",
            "4",
            "1",
            "1",
            "1",
            "2",
            "2",
            "2",
            "2",
            "0",
            "0",
            "0",
            "0",
            "3",
            "3"
        ],
        "amd": 0.26899999380111694
    },
    "6": {
        "labels": [
            "4",
            "4",
            "1",
            "1",
            "1",
            "0",
            "0",
            "0",
            "0",
            "2",
            "2",
            "5",
            "5",
            "3",
            "3"
        ],
        "amd": 0.26899999380111694
    },
    "7": {
        "labels": [
            "1",
            "1",
            "0",
            "0",
            "0",
            "4",
            "4",
            "2",
            "2",
            "6",
            "6",
            "5",
            "5",
            "3",
            "3"
        ],
        "amd": 0.26899999380111694
    },
    "8": {
        "labels": [
            "0",
            "0",
            "7",
            "3",
            "3",
            "4",
            "4",
            "2",
            "2",
            "6",
            "6",
            "5",
            "5",
            "1",
            "1"
        ],
        "amd": 0.20999999344348907
    },
    "9": {
        "labels": [
            "8",
            "4",
            "7",
            "3",
            "3",
            "1",
            "1",
            "2",
            "2",
            "6",
            "6",
            "5",
            "5",
            "0",
            "0"
        ],
        "amd": 0.16200000047683716
    },
    "10": {
        "labels": [
            "8",
            "9",
            "7",
            "1",
            "1",
            "0",
            "0",
            "2",
            "2",
            "6",
            "6",
            "5",
            "5",
            "4",
            "3"
        ],
        "amd": 0.16200000047683716
    },
    "11": {
        "labels": [
            "8",
            "9",
            "7",
            "0",
            "0",
            "10",
            "3",
            "2",
            "2",
            "6",
            "6",
            "5",
            "5",
            "4",
            "1"
        ],
        "amd": 0.1589999943971634
    },
    "12": {
        "labels": [
            "8",
            "9",
            "7",
            "11",
            "6",
            "10",
            "3",
            "0",
            "0",
            "2",
            "2",
            "5",
            "5",
            "4",
            "1"
        ],
        "amd": 0.14800000190734863
    },
    "13": {
        "labels": [
            "8",
            "9",
            "7",
            "11",
            "6",
            "10",
            "3",
            "12",
            "5",
            "0",
            "0",
            "2",
            "2",
            "4",
            "1"
        ],
        "amd": 0.14300000667572021
    },
    "14": {
        "labels": [
            "8",
            "9",
            "7",
            "11",
            "13",
            "10",
            "3",
            "12",
            "5",
            "6",
            "2",
            "0",
            "0",
            "4",
            "1"
        ],
        "amd": 0.13699999451637268
    },
    "training_clusters": {
        "k1-c0": [
            "0",
            "1",
            "2",
            "3",
            "4",
            "5",
            "6",
            "7",
            "8",
            "9",
            "10",
            "11",
            "12",
            "13",
            "14"
        ],
        "k2-c0": [
            "0",
            "1",
            "2",
            "3",
            "4",
            "5",
            "6",
            "7",
            "8"
        ],
        "k2-c1": [
            "9",
            "10",
            "11",
            "12",
            "13",
            "14"
        ],
        "k3-c0": [
            "0",
            "1",
            "2",
            "3",
            "4"
        ],
        "k3-c1": [
            "5",
            "6",
            "7",
            "8"
        ],
        "k4-c0": [
            "9",
            "10",
            "11",
            "12"
        ],
        "k4-c1": [
            "13",
            "14"
        ],
        "k5-c0": [
            "2",
            "3",
            "4"
        ],
        "k5-c1": [
            "0",
            "1"
        ],
        "k6-c0": [
            "9",
            "10"
        ],
        "k6-c1": [
            "11",
            "12"
        ],
        "k7-c0": [
            "7",
            "8"
        ],
        "k7-c1": [
            "5",
            "6"
        ],
        "k8-c0": [
            "3",
            "4"
        ]
    }
}