{
    "1": {
        "labels": [
            "0",
            "0",
            "0",
            "0",
            "0",
            "0",
            "0",
            "0",
            "0",
            "0",
            "0"
        ],
        "maad": 0.4569999873638153
    },
    "2": {
        "labels": [
            "0",
            "0",
            "0",
            "0",
            "0",
            "0",
            "0",
            "1",
            "1",
            "1",
            "1"
        ],
        "maad": 0.39800000190734863
    },
    "3": {
        "labels": [
            "2",
            "2",
            "2",
            "1",
            "1",
            "1",
            "1",
            "0",
            "0",
            "0",
            "0"
        ],
        "maad": 0.3319999873638153
    },
    "4": {
        "labels": [
            "2",
            "2",
            "2",
            "0",
            "0",
            "0",
            "0",
            "3",
            "3",
            "1",
            "1"
        ],
        "maad": 0.3109999895095825
    },
    "5": {
        "labels": [
            "0",
            "0",
            "0",
            "4",
            "4",
            "2",
            "2",
            "3",
            "3",
            "1",
            "1"
        ],
        "maad": 0.25200000405311584
    }
}