{
    "1": {
        "labels": [
            "0",
            "0",
            "0",
            "0",
            "0",
            "0",
            "0",
            "0",
            "0",
            "0",
            "0",
            "0",
            "0",
            "0",
            "0",
            "0",
            "0",
            "0",
            "0",
            "0",
            "0",
            "0",
            "0"
        ],
        "amd": 0.4790000021457672
    },
    "2": {
        "labels": [
            "0",
            "0",
            "0",
            "0",
            "0",
            "0",
            "0",
            "0",
            "0",
            "0",
            "0",
            "0",
            "0",
            "0",
            "0",
            "0",
            "1",
            "1",
            "1",
            "1",
            "1",
            "1",
            "1"
        ],
        "amd": 0.4429999887943268
    },
    "3": {
        "labels": [
            "2",
            "2",
            "2",
            "2",
            "2",
            "2",
            "2",
            "0",
            "0",
            "0",
            "0",
            "0",
            "0",
            "0",
            "0",
            "0",
            "1",
            "1",
            "1",
            "1",
            "1",
            "1",
            "1"
        ],
        "amd": 0.36899998784065247
    },
    "4": {
        "labels": [
            "2",
            "2",
            "2",
            "2",
            "2",
            "2",
            "2",
            "3",
            "3",
            "3",
            "3",
            "1",
            "1",
            "1",
            "1",
            "1",
            "0",
            "0",
            "0",
            "0",
            "0",
            "0",
            "0"
        ],
        "amd": 0.36899998784065247
    },
    "5": {
        "labels": [
            "0",
            "0",
            "0",
            "0",
            "0",
            "0",
            "0",
            "3",
            "3",
            "3",
            "3",
            "1",
            "1",
            "1",
            "1",
            "1",
            "4",
            "4",
            "4",
            "2",
            "2",
            "2",
            "2"
        ],
        "amd": 0.36899998784065247
    },
    "6": {
        "labels": [
            "5",
            "5",
            "5",
            "1",
            "1",
            "1",
            "1",
            "3",
            "3",
            "3",
            "3",
            "0",
            "0",
            "0",
            "0",
            "0",
            "4",
            "4",
            "4",
            "2",
            "2",
            "2",
            "2"
        ],
        "amd": 0.2919999957084656
    },
    "7": {
        "labels": [
            "5",
            "5",
            "5",
            "0",
            "0",
            "0",
            "0",
            "1",
            "1",
            "1",
            "1",
            "6",
            "6",
            "3",
            "3",
            "3",
            "4",
            "4",
            "4",
            "2",
            "2",
            "2",
            "2"
        ],
        "amd": 0.2919999957084656
    },
    "8": {
        "labels": [
            "2",
            "2",
            "2",
            "5",
            "5",
            "7",
            "7",
            "1",
            "1",
            "1",
            "1",
            "6",
            "6",
            "3",
            "3",
            "3",
            "4",
            "4",
            "4",
            "0",
            "0",
            "0",
            "0"
        ],
        "amd": 0.26899999380111694
    },
    "9": {
        "labels": [
            "2",
            "2",
            "2",
            "5",
            "5",
            "7",
            "7",
            "0",
            "0",
            "0",
            "0",
            "6",
            "6",
            "3",
            "3",
            "3",
            "1",
            "1",
            "1",
            "8",
            "8",
            "4",
            "4"
        ],
        "amd": 0.23899999260902405
    },
    "10": {
        "labels": [
            "2",
            "2",
            "2",
            "5",
            "5",
            "7",
            "7",
            "8",
            "8",
            "9",
            "9",
            "6",
            "6",
            "1",
            "1",
            "1",
            "0",
            "0",
            "0",
            "3",
            "3",
            "4",
            "4"
        ],
        "amd": 0.21699999272823334
    },
    "11": {
        "labels": [
            "2",
            "2",
            "2",
            "5",
            "5",
            "7",
            "7",
            "8",
            "8",
            "9",
            "9",
            "6",
            "6",
            "0",
            "0",
            "0",
            "10",
            "4",
            "4",
            "3",
            "3",
            "1",
            "1"
        ],
        "amd": 0.21699999272823334
    },
    "12": {
        "labels": [
            "0",
            "0",
            "0",
            "2",
            "2",
            "7",
            "7",
            "8",
            "8",
            "9",
            "9",
            "6",
            "6",
            "11",
            "5",
            "5",
            "10",
            "4",
            "4",
            "3",
            "3",
            "1",
            "1"
        ],
        "amd": 0.21699999272823334
    },
    "13": {
        "labels": [
            "12",
            "9",
            "9",
            "2",
            "2",
            "7",
            "7",
            "8",
            "8",
            "4",
            "4",
            "6",
            "6",
            "11",
            "5",
            "5",
            "10",
            "1",
            "1",
            "3",
            "3",
            "0",
            "0"
        ],
        "amd": 0.17900000512599945
    },
    "14": {
        "labels": [
            "12",
            "9",
            "9",
            "0",
            "0",
            "7",
            "7",
            "8",
            "8",
            "4",
            "4",
            "6",
            "6",
            "11",
            "2",
            "2",
            "10",
            "1",
            "1",
            "3",
            "3",
            "13",
            "5"
        ],
        "amd": 0.17900000512599945
    },
    "15": {
        "labels": [
            "12",
            "9",
            "9",
            "14",
            "8",
            "7",
            "7",
            "3",
            "3",
            "4",
            "4",
            "6",
            "6",
            "11",
            "2",
            "2",
            "10",
            "0",
            "0",
            "1",
            "1",
            "13",
            "5"
        ],
        "amd": 0.17599999904632568
    },
    "16": {
        "labels": [
            "12",
            "9",
            "9",
            "14",
            "8",
            "3",
            "3",
            "1",
            "1",
            "4",
            "4",
            "6",
            "6",
            "11",
            "2",
            "2",
            "10",
            "15",
            "7",
            "0",
            "0",
            "13",
            "5"
        ],
        "amd": 0.16599999368190765
    },