{
    "1": {
        "labels": [
            "0",
            "0",
            "0",
            "0",
            "0",
            "0",
            "0",
            "0",
            "0",
            "0",
            "0",
            "0",
            "0",
            "0",
            "0"
        ],
        "amd": 0.45899999141693115
    },
    "2": {
        "labels": [
            "0",
            "0",
            "0",
            "0",
            "0",
            "0",
            "0",
            "0",
            "0",
            "1",
            "1",
            "1",
            "1",
            "1",
            "1"
        ],
        "amd": 0.36399999260902405
    },
    "3": {
        "labels": [
            "1",
            "1",
            "1",
            "1",
            "1",
            "2",
            "2",
            "2",
            "2",
            "0",
            "0",
            "0",
            "0",
            "0",
            "0"
        ],
        "amd": 0.3089999854564667
    },
    "4": {
        "labels": [
            "0",
            "0",
            "0",
            "0",
            "0",
            "2",
            "2",
            "2",
            "2",
            "1",
            "1",
            "1",
            "1",
            "3",
            "3"
        ],
        "amd": 0.25
    },
    "5": {
        "labels": [
            "4",
            "4",
            "1",
            "1",
            "1",
            "2",
            "2",
            "2",
            "2",
            "0",
            "0",
            "0",
            "0",
            "3",
            "3"
        ],
        "amd": 0.22499999403953552
    },
    "6": {
        "labels": [
            "4",
            "4",
            "1",
            "1",
            "1",
            "0",
            "0",
            "0",
            "0",
            "2",
            "2",
            "5",
            "5",
            "3",
            "3"
        ],
        "amd": 0.19099999964237213
    },
    "7": {
        "labels": [
            "1",
            "1",
            "0",
            "0",
            "0",
            "4",
            "4",
            "2",
            "2",
            "6",
            "6",
            "5",
            "5",
            "3",
            "3"
        ],
        "amd": 0.17399999499320984
    },
    "8": {
        "labels": [
            "0",
            "0",
            "7",
            "3",
            "3",
            "4",
            "4",
            "2",
            "2",
            "6",
            "6",
            "5",
            "5",
            "1",
            "1"
        ],
        "amd": 0.13899999856948853
    },
    "9": {
        "labels": [
            "8",
            "4",
            "7",
            "3",
            "3",
            "1",
            "1",
            "2",
            "2",
            "6",
            "6",
            "5",
            "5",
            "0",
            "0"
        ],
        "amd": 0.10000000149011612
    },
    "10": {
        "labels": [
            "8",
            "9",
            "7",
            "1",
            "1",
            "0",
            "0",
            "2",
            "2",
            "6",
            "6",
            "5",
            "5",
            "4",
            "3"
        ],
        "amd": 0.07500000298023224
    },
    "11": {
        "labels": [
            "8",
            "9",
            "7",
            "0",
            "0",
            "10",
            "3",
            "2",
            "2",
            "6",
            "6",
            "5",
            "5",
            "4",
            "1"
        ],
        "amd": 0.05299999937415123
    },
    "12": {
        "labels": [
            "8",
            "9",
            "7",
            "11",
            "6",
            "10",
            "3",
            "0",
            "0",
            "2",
            "2",
            "5",
            "5",
            "4",
            "1"
        ],
        "amd": 0.035999998450279236
    },
    "13": {
        "labels": [
            "8",
            "9",
            "7",
            "11",
            "6",
            "10",
            "3",
            "12",
            "5",
            "0",
            "0",
            "2",
            "2",
            "4",
            "1"
        ],
        "amd": 0.02199999988079071
    },
    "14": {
        "labels": [
            "8",
            "9",
            "7",
            "11",
            "13",
            "10",
            "3",
            "12",
            "5",
            "6",
            "2",
            "0",
            "0",
            "4",
            "1"
        ],
        "amd": 0.009999999776482582
    },
    "training_clusters": {
        "k1-c0": [
            "0",
            "1",
            "2",
            "3",
            "4",
            "5",
            "6",
            "7",
            "8",
            "9",
            "10",
            "11",
            "12",
            "13",
            "14"
        ],
        "k2-c0": [
            "0",
            "1",
            "2",
            "3",
            "4",
            "5",
            "6",
            "7",
            "8"
        ],
        "k2-c1": [
            "9",
            "10",
            "11",
            "12",
            "13",
            "14"
        ],
        "k3-c0": [
            "0",
            "1",
            "2",
            "3",
            "4"
        ],
        "k3-c1": [
            "5",
            "6",
            "7",
            "8"
        ],
        "k4-c0": [
            "9",
            "10",
            "11",
            "12"
        ],
        "k4-c1": [
            "13",
            "14"
        ],
        "k5-c0": [
            "2",
            "3",
            "4"
        ],
        "k5-c1": [
            "0",
            "1"
        ],
        "k6-c0": [
            "9",
            "10"
        ],
        "k6-c1": [
            "11",
            "12"
        ],
        "k7-c0": [
            "7",
            "8"
        ],
        "k7-c1": [
            "5",
            "6"
        ],
        "k8-c0": [
            "3",
            "4"
        ]
    }
}
