{
    "1": {
        "labels": [
            "0",
            "0",
            "0",
            "0",
            "0",
            "0",
            "0",
            "0",
            "0",
            "0",
            "0"
        ],
        "amd": 0.44999998807907104
    },
    "2": {
        "labels": [
            "0",
            "0",
            "0",
            "0",
            "0",
            "0",
            "0",
            "1",
            "1",
            "1",
            "1"
        ],
        "amd": 0.3720000088214874
    },
    "3": {
        "labels": [
            "2",
            "2",
            "2",
            "1",
            "1",
            "1",
            "1",
            "0",
            "0",
            "0",
            "0"
        ],
        "amd": 0.3140000104904175
    },
    "4": {
        "labels": [
            "2",
            "2",
            "2",
            "0",
            "0",
            "0",
            "0",
            "1",
            "1",
            "3",
            "3"
        ],
        "amd": 0.2669999897480011
    },
    "5": {
        "labels": [
            "0",
            "0",
            "0",
            "4",
            "4",
            "2",
            "2",
            "1",
            "1",
            "3",
            "3"
        ],
        "amd": 0.23100000619888306
    },
    "6": {
        "labels": [
            "3",
            "3",
            "5",
            "4",
            "4",
            "2",
            "2",
            "0",
            "0",
            "1",
            "1"
        ],
        "amd": 0.17900000512599945
    },
    "7": {
        "labels": [
            "3",
            "3",
            "5",
            "1",
            "1",
            "2",
            "2",
            "6",
            "4",
            "0",
            "0"
        ],
        "amd": 0.11800000071525574
    },
    "8": {
        "labels": [
            "3",
            "3",
            "5",
            "1",
            "1",
            "0",
            "0",
            "6",
            "4",
            "7",
            "2"
        ],
        "amd": 0.07500000298023224
    },
    "9": {
        "labels": [
            "1",
            "1",
            "5",
            "0",
            "0",
            "8",
            "7",
            "6",
            "4",
            "3",
            "2"
        ],
        "amd": 0.04399999976158142
    },
    "10": {
        "labels": [
            "0",
            "0",
            "5",
            "9",
            "7",
            "8",
            "3",
            "6",
            "4",
            "1",
            "2"
        ],
        "amd": 0.01899999938905239
    },
    "training_clusters": {
        "k1-c0": [
            "0",
            "1",
            "2",
            "3",
            "4",
            "5",
            "6",
            "7",
            "8",
            "9",
            "10"
        ],
        "k2-c0": [
            "0",
            "1",
            "2",
            "3",
            "4",
            "5",
            "6"
        ],
        "k2-c1": [
            "7",
            "8",
            "9",
            "10"
        ],
        "k3-c0": [
            "3",
            "4",
            "5",
            "6"
        ],
        "k3-c1": [
            "0",
            "1",
            "2"
        ],
        "k4-c0": [
            "7",
            "8"
        ],
        "k4-c1": [
            "9",
            "10"
        ],
        "k5-c0": [
            "5",
            "6"
        ],
        "k5-c1": [
            "3",
            "4"
        ],
        "k6-c0": [
            "0",
            "1"
        ]
    }
}