score,N
0.19093315806129862,4.0
0.8385006484348085,222.0
0.9069682635420192,440.0
1.0234780286164737,658.0
1.070454614241258,876.0
1.0655782265004432,1094.0
1.0591308283474292,1313.0
1.123125069062356,1531.0
1.1776894808241947,1749.0
1.1860017913101162,1967.0
1.1999184297280956,2185.0
1.192582608276653,2404.0
1.1786345954694635,2622.0
1.146673528478809,2840.0
1.1264515697421231,3058.0
1.100619924576212,3276.0
