score,N
-0.0012827831920973367,4.0
0.043486442871483684,222.0
0.16581082783876153,440.0
0.37615650694271635,658.0
0.6334751939503273,876.0
0.8058920465081061,1094.0
0.9421845874247518,1313.0
0.9538916426123143,1531.0
0.9511416130440192,1749.0
1.0037079560428301,1967.0
1.0019393469583537,2185.0
0.9950791895901954,2404.0
0.9670566245471931,2622.0
0.9837247161008597,2840.0
0.9928809774574436,3058.0
0.8993564096829307,3276.0
