score,N
0.2576709679422981,4.0
0.9972994274486311,222.0
1.03991220282639,440.0
1.1457521174696328,658.0
1.1579799125438464,876.0
1.1872976530048494,1094.0
1.118399523062393,1313.0
1.1466568838439903,1531.0
1.1362448615538876,1749.0
1.1201580890623812,1967.0
1.1254366939111327,2185.0
1.1176375411004384,2404.0
1.1162656635050494,2622.0
1.0982632001471375,2840.0
1.0833410663115202,3058.0
1.0694579177482384,3276.0
