score,N
0.4032535095530615,4.0
0.06238425359011772,58.0
0.018164005564476796,112.0
-0.0499651935731626,167.0
-0.065596659474036,221.0
-0.12528493472169797,275.0
-0.08607146414458614,330.0
-0.04689273982929288,384.0
-0.020558665429690783,438.0
-0.003527332738055207,493.0
0.003190300906220584,547.0
0.010850780927358594,601.0
-0.006744090539457725,656.0
0.02909436441154711,710.0
0.030269451210345792,764.0
0.04563171992969439,819.0
