score,N
0.6040940986738783,4.0
-0.0386630195723251,58.0
0.0063897717016033525,112.0
-0.07670479538727548,167.0
-0.04541827569900817,221.0
-0.07868976985584684,275.0
0.008719683064067067,330.0
0.03149323933820982,384.0
-0.0021616385682366986,438.0
-0.024941639875453753,493.0
-0.03282429819857438,547.0
-0.0350444206560447,601.0
-0.03638642331019383,656.0
-0.03610909545137297,710.0
-0.054280228082274756,764.0
-0.041589734616248104,819.0
