score,N
0.0066052885301964535,4.0
0.0045047902273517,58.0
0.0036974253128266134,112.0
0.004709740795434697,167.0
0.006997164005496924,221.0
0.004576326683095337,275.0
0.0045556593175006335,330.0
0.004336650338645686,384.0
0.0039966673302259115,438.0
0.004817162047109836,493.0
0.003662860612324249,547.0
0.004230473791628616,601.0
0.002986262655474086,656.0
0.003497298542995225,710.0
0.00392151998959973,764.0
0.001983607183110641,819.0
