score,N
-0.00874576524084852,4.0
0.01697470495258304,222.0
0.06695790262554238,440.0
0.21773944406887924,658.0
0.459501594909693,876.0
0.5929756955232021,1094.0
0.7086409820982247,1313.0
0.896392989032123,1531.0
0.8783100842162642,1749.0
1.0385707526625227,1967.0
1.0395178206499287,2185.0
1.1041464883417933,2404.0
0.9565150636000532,2622.0
1.0378581772915003,2840.0
1.0179287628258555,3058.0
1.0680155365833521,3276.0
