score,N
-0.0011126336821918551,4.0
0.042099846953760386,222.0
0.18693467505393824,440.0
0.3453415054020818,658.0
0.5289252725982925,876.0
0.717795865661261,1094.0
0.8239423313960641,1313.0
0.9694965299146515,1531.0
0.9516362137778971,1749.0
0.989602786450576,1967.0
0.9773426001067764,2185.0
1.0179082639754198,2404.0
1.0210347253412904,2622.0
1.0212723834623534,2840.0
0.958041471728422,3058.0
0.9487483908926041,3276.0
