score,N
0.34344753387352656,4.0
0.8978704313438787,222.0
1.0016371507233994,440.0
1.0384970945004481,658.0
1.0782242351877616,876.0
1.0916523691930107,1094.0
1.1047941446591745,1313.0
1.1997986966115206,1531.0
1.173559182915879,1749.0
1.161648081230859,1967.0
1.1686792823546444,2185.0
1.1745084688513199,2404.0
1.1600426637689214,2622.0
1.1417254256529714,2840.0
1.1325002847374628,3058.0
1.1047802422511201,3276.0
