score,N
0.7760507745389509,4.0
0.17191029283538856,58.0
0.06343380165687033,112.0
0.03567939893620729,167.0
0.026988087722600647,221.0
0.019576499411919215,275.0
0.012141754467446928,330.0
0.005457806879645352,384.0
0.005195898639117733,438.0
0.0031306072588979245,493.0
0.006096278864185389,547.0
0.005266220625482837,601.0
0.009267271703816849,656.0
0.010101557642300455,710.0
0.009715995949661955,764.0
0.011104532296014843,819.0
