score,N
0.2590462159630771,4.0
0.851158846287973,222.0
0.9371160945080192,440.0
1.0025803004457503,658.0
1.087392298339751,876.0
1.049201198634885,1094.0
1.0679395335304624,1313.0
1.1050176254047082,1531.0
1.1411858877307237,1749.0
1.1634532395924113,1967.0
1.1780094622466308,2185.0
1.1863345601305557,2404.0
1.162762573447946,2622.0
1.1445865959002017,2840.0
1.1032696854416184,3058.0
1.0882109621349332,3276.0
