score,N
0.09645079487060462,4.0
0.20616481373582993,222.0
0.5119188647627335,440.0
0.7046181486577486,658.0
0.8585169504898202,876.0
0.9153552063129047,1094.0
0.9637285769656757,1313.0
1.0220897279371464,1531.0
1.049574987021542,1749.0
1.07210737724602,1967.0
1.0849385761176282,2185.0
1.0905705863621964,2404.0
1.0830537709668648,2622.0
1.088529603734078,2840.0
1.0879378426595427,3058.0
1.0855187392022838,3276.0
