score,N
0.006274155944233715,4.0
0.005196941086254789,58.0
0.004383503789038874,112.0
0.005717965897360563,167.0
0.006569916376074534,221.0
0.004171056351020092,275.0
0.002435355963302115,330.0
0.004119991400107697,384.0
0.0044891036277452875,438.0
0.00551651521996602,493.0
0.0026823147887358096,547.0
0.0039138554149356275,601.0
0.004612904061840742,656.0
0.0045351666387613235,710.0
0.0038352813081311103,764.0
0.00425438054502224,819.0
