score,N
0.7013391272019902,4.0
0.16040197893293995,58.0
0.13186224869811058,112.0
0.06718045595558145,167.0
0.05855374665088863,221.0
0.05480301812081877,275.0
0.03292439456748271,330.0
0.03599146226716782,384.0
0.010702748649356112,438.0
-0.0071856940644200295,493.0
-0.011908690699314672,547.0
-0.0015752391298040562,601.0
0.02210496441724642,656.0
0.021792492238895532,710.0
0.026278187255966357,764.0
0.014329229389792303,819.0
