score,N
0.8241420401165581,4.0
0.17555578447710068,58.0
0.06663708340623732,112.0
0.03375045504780857,167.0
0.01566062508712907,221.0
0.009675153720694274,275.0
0.010629231298966153,330.0
0.006760310664543048,384.0
0.0033674388241511956,438.0
-0.0034128165234017915,493.0
-0.00318256174731319,547.0
0.004719963119486264,601.0
0.004824292840683145,656.0
0.00487198135206604,710.0
0.0007470030668979746,764.0
0.003250855844352651,819.0
