score,N
0.0006361268024640149,4.0
0.016018523181310675,222.0
0.09823229784930868,440.0
0.2196854286533486,658.0
0.413429521298968,876.0
0.6494014140974627,1094.0
0.8132090124369582,1313.0
0.8668743790086225,1531.0
0.9127031870292345,1749.0
1.0148674205556312,1967.0
0.9969117518246015,2185.0
0.9900386143101907,2404.0
1.0021882424594526,2622.0
0.9963517369679324,2840.0
0.9825339963383165,3058.0
0.974729933691,3276.0
