score,N
-0.00580149245282547,4.0
0.021114627684887116,222.0
0.07335900742268331,440.0
0.2491431305940719,658.0
0.4048907728771908,876.0
0.6040446993452747,1094.0
0.7821220532758271,1313.0
0.8404428593727077,1531.0
0.9903637737713429,1749.0
0.9446144686960548,1967.0
1.0126660272486403,2185.0
1.042255185006615,2404.0
1.0550134236842634,2622.0
1.1046686554345393,2840.0
0.9373834752165399,3058.0
1.0410492354337189,3276.0
