score,N
0.5984305776925986,4.0
-0.07202338535654909,58.0
0.003106086664611944,112.0
-0.055418490527888484,167.0
-0.005053099215638241,221.0
-0.03679205288369163,275.0
-0.034710543188664636,330.0
-0.01882050628166968,384.0
-0.051292373832905726,438.0
-0.07684788555575497,493.0
-0.09185841921316378,547.0
-0.08468858799800645,601.0
-0.058656866764563824,656.0
-0.06576949880236074,710.0
-0.07435046271797423,764.0
-0.05082113959638,819.0
