score,N
-0.06156077353343751,4.0
0.06120769049020616,222.0
0.601450053413957,440.0
0.7433604231045661,658.0
0.8985794500749945,876.0
0.9994450031121911,1094.0
1.0688230765690585,1313.0
1.0597422911099468,1531.0
1.0947275240920906,1749.0
1.104935922629707,1967.0
1.1015190083498434,2185.0
1.0919305189872601,2404.0
1.0923583817826314,2622.0
1.0931173000298031,2840.0
1.0995208420462346,3058.0
1.099429167345327,3276.0
