score,N
0.0030901394377032183,4.0
0.03957574091532439,222.0
0.1509610476624493,440.0
0.34529060969284064,658.0
0.5470348164317425,876.0
0.7255315747375174,1094.0
0.8557721380105183,1313.0
0.9004536567623054,1531.0
0.8819673368713352,1749.0
0.9230179761339978,1967.0
0.8511297593618525,2185.0
0.8778070624911161,2404.0
0.9192756100327952,2622.0
0.8791010366911038,2840.0
0.9303480226444811,3058.0
0.8776539309511121,3276.0
