score,N
0.7824319793750913,4.0
0.12288987801050721,58.0
0.04250939601633736,112.0
0.021434459521851013,167.0
0.013269100183553754,221.0
0.011841660951136734,275.0
0.006829532533880212,330.0
0.00980244164580342,384.0
0.003100299684469662,438.0
0.0034388870408268916,493.0
0.0011003271599366565,547.0
0.002331798416310827,601.0
0.002146203600493808,656.0
0.0016274298612943122,710.0
0.004447158067039901,764.0
0.0056324088281265805,819.0
