score,N
0.008571538648358062,4.0
0.04233409323398103,222.0
0.17636407174960275,440.0
0.3530703369217026,658.0
0.6101367195636751,876.0
0.7851433284248767,1094.0
0.9122193626020153,1313.0
0.9734368810066413,1531.0
0.9488306054982786,1749.0
0.9512456386920416,1967.0
0.9275906107704682,2185.0
0.9247077027723458,2404.0
0.9347876697761495,2622.0
0.9290185711124518,2840.0
0.9621567202795048,3058.0
0.9656738459423372,3276.0
