score,N
0.37279644338072937,4.0
-0.0035624959379780006,58.0
-0.041349914175568867,112.0
-0.0452576013558454,167.0
-0.043943470954849385,221.0
-0.07652749034453303,275.0
-0.08251699219869654,330.0
-0.029212680035821517,384.0
-0.0330590662579478,438.0
-0.029113759348133577,493.0
-0.028409011673807556,547.0
-0.017637181706316476,601.0
-0.02087894989341553,656.0
-0.006891593100260945,710.0
0.0011160045664175818,764.0
0.007585104636086107,819.0
