score,N
0.5271053045223608,4.0
-0.05839589803155749,58.0
-0.038779089595619314,112.0
-0.1031757267990571,167.0
-0.06433112905921169,221.0
-0.11302246343899071,275.0
-0.036661647902739576,330.0
-0.004819894093169429,384.0
-0.02050608066121774,438.0
-0.03624155652944633,493.0
-0.029421449349231337,547.0
0.008355269059343397,601.0
-0.023228715031716387,656.0
-0.008709485949017333,710.0
-0.02751461950387868,764.0
-0.025899262601213714,819.0
