score,N
0.860082455302716,4.0
0.16804269574947753,58.0
0.06524833725970909,112.0
0.03093398290968843,167.0
0.016641193506621004,221.0
0.00546049861189497,275.0
0.00583841483933865,330.0
0.005747851559703346,384.0
0.002209025770858989,438.0
0.0013570482622295424,493.0
0.0037039258700844986,547.0
0.011198921569126254,601.0
0.006410505365304979,656.0
0.0033906950212132447,710.0
0.00293236962143012,764.0
-0.004893314679245647,819.0
