score,N
0.0011194743378634914,4.0
0.09862206545776331,222.0
0.2496652263585098,440.0
0.46263092419791085,658.0
0.7001664265215536,876.0
0.8916241695728127,1094.0
0.9530725437295977,1313.0
0.9584226448798453,1531.0
0.951459497596739,1749.0
0.9247098503392346,1967.0
0.9563023879308906,2185.0
0.9667076181438155,2404.0
0.9470965688516652,2622.0
0.9749814945813803,2840.0
0.9447321817217936,3058.0
0.966037993031793,3276.0
