score,N
0.09558402455155238,4.0
0.24920992612578194,222.0
0.5084511898952414,440.0
0.7508975299307699,658.0
0.8782359540175314,876.0
0.9250052474679271,1094.0
0.9994095472901503,1313.0
1.0405748412391587,1531.0
1.0603800170091309,1749.0
1.0615260036932863,1967.0
1.0679858985193207,2185.0
1.0791815557583495,2404.0
1.0805875582418167,2622.0
1.07722328930298,2840.0
1.079572178572062,3058.0
1.0706634621374866,3276.0
