score,N
0.3521974248425188,4.0
0.03557449316899777,58.0
-0.0007441031319518334,112.0
0.028142216003972986,167.0
0.09917880462343084,221.0
0.04336579613999903,275.0
0.04665774495929078,330.0
0.07386238750127977,384.0
0.08697976728630319,438.0
0.03473233647526877,493.0
-0.023620009641738146,547.0
0.006207890882324356,601.0
0.029163112141257056,656.0
0.024977887991153486,710.0
0.021402923333817214,764.0
0.010874663844067156,819.0
