score,N
0.2270433881665497,4.0
0.8915946595572016,222.0
0.9806969640405513,440.0
1.000103716699944,658.0
0.9782327822618453,876.0
1.0314188679437535,1094.0
1.0566284702670579,1313.0
1.0686370044078597,1531.0
1.1040846027940876,1749.0
1.146090982980012,1967.0
1.1518421911404562,2185.0
1.1384211511361855,2404.0
1.1513789719058158,2622.0
1.1485587396408243,2840.0
1.1274107473938575,3058.0
1.112141726485214,3276.0
