score,N
0.0017317831197542232,4.0
-0.000669136511837764,58.0
0.001170238537797798,112.0
0.0016749186333861982,167.0
0.0005221720034479412,221.0
-0.00036190399144602777,275.0
-0.0021836168284613895,330.0
-0.0002561760031519433,384.0
-0.001608113175815076,438.0
0.0005334992432598649,493.0
0.0011053862724371632,547.0
0.0008137861201341657,601.0
0.002595869858992634,656.0
0.0023703711772019897,710.0
-0.0007442333219499084,764.0
-0.0014362167790412136,819.0
