score,N
-0.0028953223196363717,4.0
0.0960560545175709,222.0
0.23980303484627885,440.0
0.4031682381794682,658.0
0.611961127940094,876.0
0.7650966919014649,1094.0
0.9840477784204091,1313.0
0.9606494104153412,1531.0
0.947918742586634,1749.0
0.9780551590492168,1967.0
0.9223433135413728,2185.0
0.9917731832226958,2404.0
0.9348722647657639,2622.0
0.9672587721447033,2840.0
0.9933704590652346,3058.0
0.9494963395308813,3276.0
