score,N
0.006261269442416944,4.0
0.04530753153315547,222.0
0.20415552253335964,440.0
0.37059995607134355,658.0
0.5353154689374656,876.0
0.7248709723599435,1094.0
0.8617004025988506,1313.0
0.8830475815415672,1531.0
0.9655193189514475,1749.0
0.9984893210036254,1967.0
0.9396131219670094,2185.0
0.9445393988885386,2404.0
0.9326157840940074,2622.0
0.9246796326181819,2840.0
0.8877241881026252,3058.0
0.883547364324612,3276.0
