score,N
0.005054257681989012,4.0
0.0005864385567285989,58.0
-0.0005950525992006783,112.0
-0.0009687286804043368,167.0
0.0005350665237303125,221.0
-0.0018891665442577197,275.0
-0.0024031948440264477,330.0
-0.0009983451081449714,384.0
-0.0004502129510634711,438.0
-0.0030945820019495454,493.0
-0.001023492633095458,547.0
-0.005113292513505405,601.0
0.00039803879952034443,656.0
-0.0019639148203611655,710.0
-0.0020664453727882483,764.0
0.00044844318780683175,819.0
