score,N
-0.0026136930315792607,4.0
0.08927978319349761,222.0
0.23438041375209567,440.0
0.4419116672699561,658.0
0.6170034266211619,876.0
0.7321182487443638,1094.0
0.8938957144667282,1313.0
0.9815494211120256,1531.0
1.0473516310111273,1749.0
1.0394809801127072,1967.0
1.0041492456425727,2185.0
0.9319718598847168,2404.0
1.0199296325223766,2622.0
1.0224329283910825,2840.0
0.9745309845531647,3058.0
0.9629296704624083,3276.0
