score,N
0.43499341709767947,4.0
0.9879658840261261,222.0
1.1015308592234847,440.0
1.131206705224911,658.0
1.1722283037857404,876.0
1.1661127763623935,1094.0
1.1764120327851395,1313.0
1.200110173076646,1531.0
1.1872834204290859,1749.0
1.203169784003722,1967.0
1.205883790651108,2185.0
1.2148046354958604,2404.0
1.1895932563463238,2622.0
1.1780944765740726,2840.0
1.1373160882264968,3058.0
1.112513585345292,3276.0
