score,N
0.002635592967001415,4.0
0.0019620191198003313,58.0
0.003433173127051659,112.0
0.0022453542040037945,167.0
0.0032906440948829345,221.0
0.00016904265230698154,275.0
0.000774825410611197,330.0
-0.0006452739667882847,384.0
0.0009903724409365234,438.0
0.0008540236174111594,493.0
0.0023962929695761862,547.0
0.0007696449371380584,601.0
0.0008726534728919528,656.0
0.0029534180040719157,710.0
0.0015785332734807428,764.0
0.0010074095185869207,819.0
