score,N
0.251379701645504,4.0
0.9394874518548361,222.0
1.1107824921683538,440.0
1.0944151690916197,658.0
1.061411640087881,876.0
1.0477850773413808,1094.0
1.1368482390556174,1313.0
1.0987000874337007,1531.0
1.1091234640544305,1749.0
1.1545243992063423,1967.0
1.1548280066218832,2185.0
1.1758480726489313,2404.0
1.1674827466019675,2622.0
1.1373168656663808,2840.0
1.1002876511521353,3058.0
1.0736758837290592,3276.0
