score,N
0.3779963415654822,4.0
0.10311038211322335,58.0
0.029391560389493494,112.0
0.008480193985644582,167.0
-0.060115678611346125,221.0
-0.05487122632113367,275.0
-0.027735222682461105,330.0
-0.006193644328565222,384.0
0.011372202408790178,438.0
0.0032713972513046534,493.0
0.020372898941797026,547.0
0.007228135427505346,601.0
-0.015805696508032607,656.0
-0.011015852555194909,710.0
0.011538000743597444,764.0
0.007360952373130522,819.0
