score,N
0.014601274367903216,4.0
0.029599879154459375,222.0
0.09168004234170768,440.0
0.20983534307226237,658.0
0.4139146988196123,876.0
0.5332075201702294,1094.0
0.6783126141062544,1313.0
0.8325532006537036,1531.0
0.9185888500379193,1749.0
1.1437636343516802,1967.0
1.0367380384744174,2185.0
1.1039286322213777,2404.0
1.0544741470967334,2622.0
1.1434508977697233,2840.0
1.1781945233017965,3058.0
1.104242245342303,3276.0
