score,N
0.19155473520167615,4.0
0.8787842642355616,222.0
0.9568370172517134,440.0
0.9635889324826586,658.0
0.9359406649559384,876.0
1.0193134437998685,1094.0
1.0537672399727378,1313.0
1.097870791382994,1531.0
1.120664717189105,1749.0
1.1717200897120328,1967.0
1.19071665723505,2185.0
1.2063373641277886,2404.0
1.201485699198532,2622.0
1.1725330971957002,2840.0
1.146733445053421,3058.0
1.1087658365104285,3276.0
