score,N
0.8721251148459632,4.0
0.18211729366590837,58.0
0.07864133824013186,112.0
0.0448840334071684,167.0
0.026155767538105768,221.0
0.020110992868482346,275.0
0.010308526670721012,330.0
0.013286111217158635,384.0
0.014229315874137274,438.0
0.017269580825009356,493.0
0.008233559281157078,547.0
0.007848526456573442,601.0
0.0001464315785385762,656.0
0.006441952278766266,710.0
0.005785077501258452,764.0
0.004947171208840757,819.0
