score,N
0.0043616878494805765,4.0
0.002206139784868074,58.0
0.004673664820512139,112.0
0.0038259858877118234,167.0
0.0033196301302323133,221.0
0.0015052944656644264,275.0
0.0005310731918491286,330.0
-0.0009477617428997303,384.0
-1.0514558876187084e-05,438.0
0.0012379038613724814,493.0
0.0011580945937489885,547.0
0.002458070949247745,601.0
0.002872798732447962,656.0
0.0038253448761956994,710.0
0.003334917724504094,764.0
0.0023394116860268,819.0
