score,N
0.8378524492219034,4.0
0.1963727402885768,58.0
0.07297678100272743,112.0
0.03437076323700913,167.0
0.014854464844431602,221.0
0.011053423561313877,275.0
0.011930861259233167,330.0
0.01133468442057432,384.0
0.006725548566027418,438.0
0.0075973286752043295,493.0
0.003951726371928023,547.0
0.0023404345917143947,601.0
0.005216528506066921,656.0
0.005341885031962024,710.0
-0.003185149858880199,764.0
-0.00867308899349247,819.0
