score,N
0.7733169436068547,4.0
0.18906920040738992,58.0
0.11812276837447366,112.0
0.05771702194334202,167.0
0.02595467204516285,221.0
0.019545737762754888,275.0
0.02027843025073002,330.0
0.0032155974751430535,384.0
0.00613697957781603,438.0
0.005057230825308123,493.0
0.003005788595135086,547.0
0.0020415107336123214,601.0
0.000545313317344727,656.0
0.0007148441733956723,710.0
0.000875479498162629,764.0
0.001221839361072983,819.0
