score,N
0.6661581412891754,4.0
0.024397510113023754,58.0
-0.02064061132607882,112.0
-0.008854406682944974,167.0
-0.01761625013779395,221.0
0.012935875882970864,275.0
-0.03477870081201952,330.0
-0.02007954036742572,384.0
-0.006479815391304223,438.0
-0.002176164488110685,493.0
0.03002355703702568,547.0
0.01674942096905157,601.0
-0.028774372838051152,656.0
-0.0287786565084776,710.0
-0.02318870624785939,764.0
-0.01650806759404527,819.0
