score,N
0.6700867756930501,4.0
0.06285606927415778,58.0
0.029501880823636435,112.0
-0.03295406738526294,167.0
-0.025895998475987374,221.0
0.015512289738841238,275.0
-0.0021815692393718626,330.0
0.02276391472030713,384.0
0.008307729068377024,438.0
-0.004585510650269677,493.0
0.018039027027589728,547.0
-0.008804509094939954,601.0
-0.009519344831868021,656.0
-0.021926431949016688,710.0
-0.006298163364089091,764.0
-0.009059001691241875,819.0
