score,N
0.0007258269821174156,4.0
0.10179373176795393,222.0
0.2665011131825609,440.0
0.4679925779585566,658.0
0.6999594176489765,876.0
0.7891394790117421,1094.0
0.9167295209759574,1313.0
1.0233987596696077,1531.0
1.00487447876738,1749.0
1.0015187921826394,1967.0
1.0139235031642275,2185.0
0.9470179973699562,2404.0
0.9682723406739341,2622.0
0.980387523005633,2840.0
0.958075581423178,3058.0
0.9787760122823367,3276.0
