score,N
0.0056602402618153745,4.0
0.13417251762235655,222.0
0.3294932982040909,440.0
0.539145297119342,658.0
0.7284768927775483,876.0
0.946819719387274,1094.0
0.9879263204012854,1313.0
1.053179628862219,1531.0
1.0769255664440374,1749.0
1.0682994481898347,1967.0
1.0947894064492951,2185.0
1.0787554598996782,2404.0
1.0811718043274092,2622.0
1.0317814178554905,2840.0
1.0158639041711268,3058.0
1.0537503831459234,3276.0
