score,N
0.7583457402264009,4.0
0.18076083394180903,58.0
0.056493562634374134,112.0
0.021678837961369678,167.0
0.011289253529407338,221.0
0.0038696234329671686,275.0
0.0007653269773459986,330.0
0.008218093613319691,384.0
0.0043609558844544555,438.0
0.0024166376434591155,493.0
0.003172930019761082,547.0
-0.003203846399245505,601.0
0.0017401138450642635,656.0
-0.001212985124617795,710.0
0.0003532538677255296,764.0
0.003820000438610065,819.0
