score,N
0.7852833656419835,4.0
0.26312916536479114,58.0
0.11331317897101532,112.0
0.0610730634506253,167.0
0.034425340471115416,221.0
0.025337109583280074,275.0
0.020945028228574268,330.0
0.019373636654833323,384.0
0.015042787011827905,438.0
0.012458662311106063,493.0
0.005934462471691834,547.0
0.013975006634881094,601.0
0.011783902938348993,656.0
0.010268410624830832,710.0
0.007703299296352816,764.0
0.006505871276570506,819.0
