score,N
0.002934251952611403,4.0
0.0009086402190129437,58.0
0.0028098686258482834,112.0
0.0027515714589924915,167.0
0.0017084626597308839,221.0
0.002037525471100912,275.0
0.001548923751052633,330.0
0.0004394422712443001,384.0
0.00019515619987147962,438.0
0.0008794278547862829,493.0
0.002323327457883762,547.0
0.0024743452215113385,601.0
0.0002747481145555415,656.0
0.0002354759788271474,710.0
-0.00033186977322958,764.0
-0.0001803933338934071,819.0
