score,N
0.6092485942136134,4.0
-0.03927081652771655,58.0
0.04511144480587634,112.0
-0.015654163533599785,167.0
0.05769195064271423,221.0
0.01772528722690308,275.0
0.019431100999018312,330.0
0.02879620733846348,384.0
-0.004823034612345063,438.0
-0.02019571819074775,493.0
-0.041787880737869994,547.0
-0.0292774701964193,601.0
-0.015506540062263348,656.0
-0.02212025255261889,710.0
-0.030774581609101372,764.0
-0.0265108227837415,819.0
