score,N
0.09437582126872951,4.0
0.3170068018521435,222.0
0.4745128621004865,440.0
0.7298979834956737,658.0
0.9055221662012911,876.0
0.987478605880738,1094.0
0.9893604638720612,1313.0
1.008089320930544,1531.0
1.040258506833283,1749.0
1.060698647245493,1967.0
1.082428724864739,2185.0
1.0926227176916932,2404.0
1.0892905287503372,2622.0
1.0862550741872639,2840.0
1.0907968248519722,3058.0
1.0876811138800053,3276.0
