score,N
-0.05254559268934788,4.0
0.08209808305890451,222.0
0.5745667238898985,440.0
0.7176951191366562,658.0
0.9263951101586473,876.0
1.0257537049735603,1094.0
1.0701485061588245,1313.0
1.0344169079565584,1531.0
1.0660562083019314,1749.0
1.0369500294961715,1967.0
1.0374522928553376,2185.0
1.0488137300289893,2404.0
1.0553706496171942,2622.0
1.0753429721024386,2840.0
1.0779072922534403,3058.0
1.0758573720642766,3276.0
