score,N
-0.003067178061398628,4.0
0.03662571411823526,222.0
0.16200261086848974,440.0
0.375132572584889,658.0
0.6230735442915531,876.0
0.8052086743245368,1094.0
0.9377249076166778,1313.0
0.9477799990591168,1531.0
0.9463430263588949,1749.0
0.9969610934995933,1967.0
1.0012201895847357,2185.0
0.9972113070938586,2404.0
0.9645191773094317,2622.0
0.9882483860754552,2840.0
0.9927793968196101,3058.0
0.8777713474440705,3276.0
