score,N
0.1901955414820575,4.0
0.7620911866435631,222.0
0.9536533598437167,440.0
0.9445205237405666,658.0
1.120793516876107,876.0
1.082578575143878,1094.0
1.0625960667487528,1313.0
1.0317034729590433,1531.0
1.031093393924778,1749.0
1.0659919129044986,1967.0
1.1052136230526055,2185.0
1.1247861853943102,2404.0
1.1320443492747911,2622.0
1.127179189597089,2840.0
1.091557812683058,3058.0
1.0766461950718182,3276.0
