score,N
-0.00020957590304704078,4.0
0.02926762104754681,222.0
0.050450534840336105,440.0
0.17771514800301094,658.0
0.3733466917136833,876.0
0.5003326190287973,1094.0
0.6797828244749032,1313.0
0.8939434140459105,1531.0
0.9682452988131869,1749.0
1.0169369675783908,1967.0
1.0897154778491314,2185.0
1.012832451738261,2404.0
1.0266759249552873,2622.0
0.9226615130766116,2840.0
1.023090371250072,3058.0
1.1215037905078808,3276.0
