score,N
0.8287483991090062,4.0
0.15699127095094498,58.0
0.08288008815007564,112.0
0.044178062835771824,167.0
0.031060740118140365,221.0
0.020730205585467263,275.0
0.015825828020350746,330.0
0.01431344643138178,384.0
0.01131422543339331,438.0
0.0179266824268546,493.0
0.005027036374092771,547.0
0.012965376965321592,601.0
0.007284222636007974,656.0
0.005157496013474133,710.0
0.00020106074082464656,764.0
0.005626342459597115,819.0
