score,N
-0.004526667263809276,4.0
0.08114571277323467,222.0
0.24435388014035325,440.0
0.4365657560412514,658.0
0.6175751881377143,876.0
0.7314963857354515,1094.0
0.9031858319140783,1313.0
0.9850783073140573,1531.0
1.051414298042365,1749.0
1.0474622256380832,1967.0
1.0172508588649156,2185.0
0.9268413465027129,2404.0
0.9882786299330691,2622.0
1.022276472540896,2840.0
0.9724483818793616,3058.0
0.9733521834801957,3276.0
