score,N
0.25015055368078937,4.0
0.9144155899595144,222.0
0.977688765644189,440.0
1.0246074894665518,658.0
1.0221383321180482,876.0
1.0243951101145423,1094.0
1.0467446899887938,1313.0
1.0519553376462254,1531.0
1.0817378844014107,1749.0
1.1053748176472888,1967.0
1.1166096582051406,2185.0
1.1325760220171242,2404.0
1.1416568400186649,2622.0
1.1330691938031077,2840.0
1.113477169476544,3058.0
1.0912226616674165,3276.0
