score,N
0.1206757782878514,4.0
0.17628231122094581,222.0
0.41435500507925505,440.0
0.6786297575583999,658.0
0.898209609535866,876.0
0.9533032837479887,1094.0
1.0397052057054261,1313.0
1.0677977010077087,1531.0
1.0503094547277436,1749.0
1.0724253623794733,1967.0
1.0856416365387245,2185.0
1.0892670633613313,2404.0
1.0808419374524223,2622.0
1.0853741357600368,2840.0
1.0828305811229912,3058.0
1.079957883113696,3276.0
