score,N
0.12534137588879588,4.0
0.22149861270753401,222.0
0.5243266411174727,440.0
0.6758914135303633,658.0
0.8576515199384687,876.0
0.9398376559178281,1094.0
0.9761741004671408,1313.0
1.031258725876181,1531.0
1.0468419215588494,1749.0
1.0736920714986837,1967.0
1.0523992601369794,2185.0
1.0903639579655862,2404.0
1.0889842860657843,2622.0
1.0850387837959676,2840.0
1.0864940771762703,3058.0
1.0771250281784401,3276.0
