score,N
0.1963335184263309,4.0
0.72367481702938,222.0
0.90539140320273,440.0
0.9537234995976048,658.0
1.061319057118487,876.0
1.0601720852501595,1094.0
1.077453604256693,1313.0
1.1065738636272797,1531.0
1.1389921426627108,1749.0
1.1236182708700635,1967.0
1.1178710668098817,2185.0
1.1395520028226316,2404.0
1.163595749020774,2622.0
1.1606571237090393,2840.0
1.1342166387594403,3058.0
1.1174236289924329,3276.0
