score,N
-0.037823343792147704,4.0
0.0894486211904076,222.0
0.5779815459059244,440.0
0.7169470440905632,658.0
0.9064540540637768,876.0
0.995828830813063,1094.0
1.0290060536834307,1313.0
1.0653445646767905,1531.0
1.0889268456652503,1749.0
1.085839332905324,1967.0
1.0799853821865304,2185.0
1.1175909228703005,2404.0
1.0468946450414052,2622.0
1.0832096694959612,2840.0
1.093292578760546,3058.0
1.086085250782211,3276.0
