score,N
0.0016494862548512138,4.0
0.0011367112301121295,58.0
0.0025535601672942517,112.0
0.001369011240513204,167.0
0.002956871927876708,221.0
0.0029307388841717857,275.0
0.0013337523888818988,330.0
0.0009480652744574514,384.0
0.0010396022429514297,438.0
0.0026903418302515057,493.0
0.0028001477124068664,547.0
0.00154126630862267,601.0
0.002365060180866669,656.0
0.003488720973053647,710.0
0.0034256398101443954,764.0
0.0014853048630458052,819.0
