score,N
0.7926636891643272,4.0
0.33394846865457245,58.0
0.1515540983149292,112.0
0.0880068977564593,167.0
0.06272132412202715,221.0
0.031053912760945435,275.0
0.03619978779084544,330.0
0.0257504713412823,384.0
0.012769752972882579,438.0
0.011821434364532589,493.0
0.017453774272265948,547.0
0.013376579367672184,601.0
0.012960506504652983,656.0
0.00721264180782283,710.0
0.011758649061264444,764.0
0.009918628711378082,819.0
