score,N
-0.000438444946343486,4.0
0.09497582375528159,222.0
0.241059175386677,440.0
0.3938374430524249,658.0
0.6005588254750245,876.0
0.7697694737505527,1094.0
0.9013998357754928,1313.0
0.9505723185912738,1531.0
0.9103284209368446,1749.0
0.976190022757258,1967.0
0.9812132161697665,2185.0
0.9872026395553823,2404.0
0.9929035704351911,2622.0
1.0021834918137171,2840.0
0.9907702384447883,3058.0
0.9419558635250498,3276.0
