score,N
0.21949873636163114,4.0
0.2668632375434823,222.0
0.5430894205640998,440.0
0.7493341697212649,658.0
0.9285351890370751,876.0
1.0268389000695373,1094.0
1.0569947066638812,1313.0
1.058838393572748,1531.0
1.088262032170452,1749.0
1.0952463385766795,1967.0
1.1017502374709554,2185.0
1.1007091990567066,2404.0
1.1011215099698768,2622.0
1.1071420992140488,2840.0
1.1017201796115235,3058.0
1.0977216551247766,3276.0
