score,N
0.6476331297867233,4.0
0.04487052577763335,58.0
-0.023391219779859203,112.0
-0.09804110920814078,167.0
-0.07115906608786601,221.0
-0.01348429965936132,275.0
-0.013052200445397477,330.0
0.021324512686714314,384.0
-0.003970350608323455,438.0
0.005678827681522331,493.0
0.0023394776883905004,547.0
-0.026723010926893703,601.0
-0.01266453538947245,656.0
-0.02768891288799762,710.0
-0.014829714979618635,764.0
-0.017003609474677037,819.0
