score,N
0.005619969277406705,4.0
0.0031177270927707423,58.0
0.0034925429494157387,112.0
0.002624547424536906,167.0
0.002922061749353179,221.0
0.0016035116437037942,275.0
0.001928485303247945,330.0
0.001641700540067084,384.0
0.0037305171807942763,438.0
0.0016349897134293842,493.0
0.0018358215687533297,547.0
0.0022005208603052633,601.0
0.000996045409429115,656.0
0.001968616264819091,710.0
0.001679888526939955,764.0
0.00133979822714302,819.0
