score,N
0.7820741600209464,4.0
0.1969699712405674,58.0
0.06315231480215985,112.0
0.023853593082876715,167.0
0.009510577734255236,221.0
0.0019625129327552767,275.0
3.0222066783443823e-05,330.0
0.0005227894118372333,384.0
0.000598300752862101,438.0
-0.002793143378924166,493.0
-0.0017608594122346592,547.0
-0.0024055564774724215,601.0
0.004210084594816636,656.0
-0.0024771952896626937,710.0
-0.0035164099439870576,764.0
-0.0019263332626285336,819.0
