score,N
0.8173208233568084,4.0
0.14696814180754952,58.0
0.06630427931661811,112.0
0.03869472238592734,167.0
0.02112344294130536,221.0
0.011749738719072058,275.0
0.006862114028423527,330.0
0.004542157412260646,384.0
0.0003748857445692071,438.0
0.0003708684263057234,493.0
-4.672217594585388e-05,547.0
-0.0008744560508308028,601.0
0.0008238731883456532,656.0
-0.008613391244297594,710.0
-0.006682831520032454,764.0
-0.0014420511922111337,819.0
