score,N
0.002393936033076091,4.0
-0.0007233730846764329,58.0
0.0015839637951428865,112.0
0.00017332615279437672,167.0
0.0007609857034360624,221.0
-0.00041370054357353745,275.0
-0.001755787070873494,330.0
0.0006825172396001623,384.0
0.0013819177800922994,438.0
0.0001305456290294478,493.0
-0.0005828931011785773,547.0
0.0006868846629040884,601.0
-0.0007179060618881848,656.0
0.001101240228871352,710.0
0.0002656949388604198,764.0
-0.002088494110646443,819.0
