score,N
0.6665360659571433,4.0
0.025303404396121488,58.0
-0.019476062674813246,112.0
-0.007595603851414383,167.0
-0.013897955071088586,221.0
0.01392611153962165,275.0
-0.03836891841213667,330.0
-0.01939573744656988,384.0
-0.002654996396819552,438.0
0.0065986823420091534,493.0
0.030095659277935314,547.0
0.017855764133331967,601.0
-0.026810747923030703,656.0
-0.025973145347423874,710.0
-0.021692434552795212,764.0
-0.015426932101450942,819.0
