score,N
0.0024332700684672843,4.0
0.0005039769862551591,58.0
0.0008270277528171953,112.0
0.0011384566692662088,167.0
0.0012570407562025074,221.0
-0.0009142265817115512,275.0
0.0002216514473859235,330.0
0.001700505602618001,384.0
0.0006411262209255329,438.0
0.00042681627810468387,493.0
1.937475431219166e-05,547.0
0.0011984721877267152,601.0
0.0025917594649903946,656.0
0.002529040809826104,710.0
0.0009989832465413695,764.0
0.0009530020207957319,819.0
