score,N
0.13830764557675843,4.0
0.3232401213614725,222.0
0.535276959269324,440.0
0.7776915842984625,658.0
0.9510433742964601,876.0
1.0451356533757545,1094.0
1.072776011793527,1313.0
1.0765597033670469,1531.0
1.0714118623919617,1749.0
1.0788836780103046,1967.0
1.0653011133516779,2185.0
1.0689393193697245,2404.0
1.0727876316667433,2622.0
1.0704325916481523,2840.0
1.071632047132397,3058.0
1.0679365717392129,3276.0
