score,N
0.0040568073415703,4.0
-0.10047288939000598,222.0
0.33965198752939096,440.0
0.662841204262505,658.0
0.857625468328967,876.0
0.9684696534928587,1094.0
1.0528487992041269,1313.0
1.0516775392223725,1531.0
1.066137438599296,1749.0
1.1020150506056117,1967.0
1.0935840594139978,2185.0
1.107753030324821,2404.0
1.1043278256793605,2622.0
1.100719023266071,2840.0
1.1010145673185134,3058.0
1.102461517005112,3276.0
