score,N
0.00023433553448895308,4.0
0.029670529539905063,222.0
0.10851087462597575,440.0
0.24953706818624788,658.0
0.42432615100467,876.0
0.6244369214050791,1094.0
0.742118124567195,1313.0
0.8631217712710764,1531.0
0.8812121025331554,1749.0
0.9953091069359513,1967.0
0.943265900745347,2185.0
1.0746873036892344,2404.0
1.0606549547858481,2622.0
1.0066668556686857,2840.0
1.035405385377677,3058.0
1.054429750786329,3276.0
