score,N
0.07608940654010012,4.0
0.15807930265256118,222.0
0.4369753584192143,440.0
0.7424448962722268,658.0
0.8954577265035895,876.0
0.9954009040777257,1094.0
1.0425359140168347,1313.0
1.071517392995125,1531.0
1.0835477051771736,1749.0
1.1005274218686965,1967.0
1.1055232533106834,2185.0
1.106466200319308,2404.0
1.1012214244633292,2622.0
1.1048955558466795,2840.0
1.1072167690616002,3058.0
1.1019227646478706,3276.0
