score,N
0.4072355878765373,4.0
0.09085183182280446,58.0
0.0013727735284982123,112.0
-0.019159155605021336,167.0
-0.10531954977956812,221.0
-0.08076440516966754,275.0
-0.07058491235062761,330.0
-0.043006226446851696,384.0
-0.01722044797043969,438.0
-0.030105083715153264,493.0
-0.023079461413588808,547.0
-0.01485566668435344,601.0
-0.030205783242450022,656.0
-0.023633101613047533,710.0
0.0021862433724633935,764.0
0.007769127384794647,819.0
