score,N
-0.0173238411064913,4.0
0.03655268520468303,222.0
0.5292517823240632,440.0
0.7463598941089857,658.0
0.8815157192633511,876.0
1.025071666920058,1094.0
1.0758142139784082,1313.0
1.0861484166336242,1531.0
1.1039603534598728,1749.0
1.0835077131173934,1967.0
1.1022175195285926,2185.0
1.1080912442195567,2404.0
1.1042473954594922,2622.0
1.107816081725215,2840.0
1.1116954308673304,3058.0
1.1064825381908898,3276.0
