score,N
0.004800242154736568,4.0
0.005454430442363152,58.0
0.0048440149069114745,112.0
0.0032224429371023786,167.0
0.0037593802995513994,221.0
0.004108506767484977,275.0
0.0036752146125096277,330.0
0.003151605454544393,384.0
0.005828178525113609,438.0
0.0029847944229356455,493.0
0.005740370193185999,547.0
0.004202591773214627,601.0
0.00567857785510264,656.0
0.004369041265505529,710.0
0.004462280559916297,764.0
0.006048342949421815,819.0
