score,N
0.2274796049669639,4.0
0.8662202653906197,222.0
0.9560626470849013,440.0
1.1032274712690686,658.0
1.1309080075493645,876.0
1.1576785626613875,1094.0
1.1669750629820528,1313.0
1.110170739465923,1531.0
1.0750712771410806,1749.0
1.081749056467376,1967.0
1.1088970999252028,2185.0
1.1369867858667118,2404.0
1.1357303172479678,2622.0
1.1094210461349234,2840.0
1.0907850404921722,3058.0
1.0738339607045413,3276.0
