score,N
0.38767818759300005,4.0
-0.22735387174069532,58.0
-0.13816822409039833,112.0
-0.13013042220199056,167.0
-0.05608902421283177,221.0
-0.15289774313887594,275.0
-0.12718796059595847,330.0
-0.08540246441866178,384.0
-0.03610655589721923,438.0
-0.040777516410920325,493.0
-0.039131081103354844,547.0
-0.043005793995168,601.0
-0.01200256136328853,656.0
-0.026721973515903327,710.0
0.01659512019567699,764.0
0.011746117190363527,819.0
