score,N
0.260103612297944,4.0
0.8932752940965777,222.0
1.0915837991019446,440.0
1.149541808235552,658.0
1.1613710582687926,876.0
1.1820213909551052,1094.0
1.1938883801465858,1313.0
1.1644272713945645,1531.0
1.1560637469752264,1749.0
1.1888566344519966,1967.0
1.1851353752153082,2185.0
1.1925708805596895,2404.0
1.1710265095394639,2622.0
1.136305476547806,2840.0
1.1039586008271975,3058.0
1.0948298316694187,3276.0
