score,N
0.0010498082917158723,4.0
0.00016023908265534238,58.0
0.0015654823578193147,112.0
0.0006717679802331591,167.0
0.0009179381809287698,221.0
0.0007926399641056385,275.0
-0.0007932757774130621,330.0
2.6493284629661256e-05,384.0
0.0004961613583044119,438.0
0.00039662383548527973,493.0
0.002024889301079875,547.0
0.0017061923245902738,601.0
0.0005724033500170969,656.0
0.00351885641118186,710.0
-0.0008287869761380015,764.0
0.0007645912537552121,819.0
