score,N
0.7657732810146415,4.0
0.16768834818557654,58.0
0.07867028100086118,112.0
0.031946421387575315,167.0
0.016962369143513754,221.0
0.008454334266389535,275.0
-0.0025053720144712706,330.0
0.0002045682831731745,384.0
-0.0008827557923023449,438.0
-0.0032691698142491114,493.0
-0.004605594490032443,547.0
-0.01175974078832793,601.0
-0.0051557322380400596,656.0
-0.010457829885964463,710.0
-0.003918517367933031,764.0
0.000267797378482921,819.0
