score,N
-0.0022631485977686635,4.0
0.046212992355231367,222.0
0.12804781853711394,440.0
0.29070708861460093,658.0
0.4960472177127256,876.0
0.7196003774107513,1094.0
0.7969485323736066,1313.0
0.9268942291058214,1531.0
1.0034271839360085,1749.0
0.9962825082106364,1967.0
0.9912847849015493,2185.0
1.0227761969935805,2404.0
1.0263340678621178,2622.0
1.08617712835205,2840.0
1.0021215574346276,3058.0
1.0273137531430905,3276.0
