score,N
0.0029233417252793343,4.0
0.0015323025463335807,58.0
0.002258739751702817,112.0
0.00021396967449925606,167.0
0.0033763740371978725,221.0
0.0020938815495448885,275.0
0.0012434925448232658,330.0
0.0018116282512597901,384.0
0.0008808173212090476,438.0
0.0016573945758515873,493.0
0.0015619852926567555,547.0
0.0024132189123158743,601.0
0.0015370573030860316,656.0
0.0009364185048354059,710.0
0.001151425870816323,764.0
0.0007937104813224729,819.0
