score,N
-0.05097331122755128,4.0
0.01576536903871454,222.0
0.5581196226298442,440.0
0.689444551491455,658.0
0.8366931509380012,876.0
0.9772236062830435,1094.0
1.0281249493323488,1313.0
1.0154978764458045,1531.0
1.0605611210515054,1749.0
1.0346599017074085,1967.0
1.0085747794888607,2185.0
1.063618915249353,2404.0
1.1041284658257784,2622.0
1.0768250759574953,2840.0
1.0805741060175478,3058.0
1.0628949665788545,3276.0
